step,x,y,v,delta,cross_err
0,0.000000,0.500000,4.6500,-0.100000,0.500000
1,0.232500,0.500000,4.8000,-0.200000,0.499667
2,0.472491,0.497926,4.9500,-0.300000,0.496518
3,0.719903,0.491329,5.1000,-0.337685,0.488066
4,0.974517,0.477308,5.2500,-0.246844,0.471348
5,1.235997,0.454191,5.4000,-0.169247,0.444595
6,1.504285,0.423833,5.5500,-0.094193,0.409615
7,1.779452,0.387925,5.7000,-0.016467,0.368050
8,2.061685,0.348304,5.8500,0.041810,0.321624
9,2.351273,0.307136,6.0000,0.096179,0.272459
10,2.648475,0.266260,6.1500,0.136804,0.222289
11,2.953539,0.227630,6.3000,0.164601,0.172973
12,3.266626,0.192961,6.4500,0.180937,0.126134
13,3.587794,0.163686,6.6000,0.187397,0.083106
14,3.917008,0.140917,6.7500,0.186878,0.044912
15,4.254153,0.125439,6.9000,0.178639,0.012237
16,4.599067,0.117767,7.0500,0.164464,-0.014504
17,4.951567,0.118060,7.2000,0.147420,-0.035246
18,5.311476,0.126159,7.3500,0.128904,-0.050241
19,5.678647,0.141699,7.5000,0.110137,-0.059947
20,6.052974,0.164164,7.6500,0.092122,-0.064973
21,6.434390,0.192939,7.8000,0.075519,-0.066025
22,6.822868,0.227366,7.9500,0.061071,-0.063874
23,7.218409,0.266780,8.1000,0.049166,-0.059295
24,7.621035,0.310564,8.2500,0.039825,-0.053017
25,8.030777,0.358184,8.4000,0.032880,-0.045687
26,8.447666,0.409208,8.5500,0.028436,-0.037851
27,8.871728,0.463315,8.7000,0.025838,-0.029939
28,9.302978,0.520313,8.8500,0.024054,-0.022288
29,9.741418,0.580120,9.0000,0.024690,-0.015080
30,10.187045,0.642699,9.1500,0.025038,-0.008484
31,10.639834,0.708184,9.3000,0.025758,-0.002491
32,11.099759,0.776695,9.4500,0.027546,0.002907
33,11.566789,0.848385,9.6000,0.029020,0.007697
34,12.040876,0.923499,9.7500,0.029132,0.012024
35,12.521970,1.002270,9.9000,0.030435,0.015993
36,13.010037,1.084822,10.0500,0.031293,0.019588
37,13.505025,1.171390,10.2000,0.031810,0.022906
38,14.006879,1.262174,10.3500,0.032082,0.026015
39,14.515551,1.357353,10.5000,0.032189,0.028956
40,15.030992,1.457083,10.6500,0.034736,0.031755
41,15.553152,1.561510,10.8000,0.034452,0.034411
42,16.081928,1.671034,10.9500,0.032755,0.037160
43,16.617271,1.785772,11.1000,0.033238,0.040013
44,17.159162,1.905685,11.2500,0.033309,0.042766
45,17.707532,2.030969,11.4000,0.033185,0.045468
46,18.262320,2.161778,11.5500,0.034455,0.048137
47,18.823464,2.298244,11.7000,0.034683,0.050728
48,19.390862,2.440669,11.8500,0.034472,0.053424
49,19.964433,2.589237,12.0000,0.034117,0.056246
50,20.544110,2.744076,12.1500,0.033748,0.059166
51,21.129826,2.905297,12.3000,0.033413,0.062138
52,21.721517,3.073009,12.4500,0.033123,0.065113
53,22.319113,3.247320,12.6000,0.032879,0.068046
54,22.922545,3.428347,12.7500,0.036107,0.070902
55,23.531736,3.616210,12.9000,0.034649,0.073631
56,24.146450,3.811532,13.0500,0.032206,0.076698
57,24.766655,4.014269,13.2000,0.033438,0.079920
58,25.392373,4.224214,13.3500,0.035294,0.082913
59,26.023445,4.441712,13.5000,0.033299,0.085833
60,26.659662,4.667216,13.6500,0.032800,0.089009
61,27.301028,4.900575,13.7850,0.034487,0.092119
62,27.946760,5.141605,13.9065,0.034304,0.095061
63,28.596017,5.390488,14.0159,0.032001,0.098110
64,29.248136,5.647101,14.1143,0.033852,0.101266
65,29.902665,5.910963,14.2028,0.031730,0.104096
66,30.558925,6.182300,14.2826,0.035835,0.106950
67,31.216568,6.460660,14.3543,0.033458,0.109399
68,31.874832,6.746673,14.4189,0.031227,0.112234
69,32.533475,7.039845,14.4770,0.033533,0.115024
70,33.192294,7.339703,14.5293,0.033461,0.117292
71,33.850760,7.646578,14.5764,0.031258,0.119513
72,34.508560,7.960385,14.6187,0.033712,0.121677
73,35.165592,8.280661,14.6568,0.033591,0.123326
74,35.821378,8.607773,14.6912,0.033542,0.124964
75,36.475682,8.941632,14.7220,0.033508,0.126562
76,37.128280,9.282165,14.7498,0.031274,0.128091
77,37.778965,9.629302,14.7749,0.033898,0.129570
78,38.427758,9.982584,14.7974,0.035944,0.130541
79,39.074229,10.342418,14.8176,0.033241,0.131531
80,39.718004,10.709106,14.8359,0.031175,0.132933
81,40.359194,11.082112,14.8523,0.033886,0.134237
82,40.997870,11.461016,14.8671,0.033689,0.135005
83,41.633618,11.846241,14.8804,0.033683,0.135790
84,42.266329,12.237698,14.8923,0.033671,0.136552
85,42.895884,12.635332,14.9031,0.031385,0.137268
86,43.522171,13.039089,14.9128,0.034157,0.137973
87,44.145341,13.448524,14.9215,0.033905,0.138180
88,44.764981,13.864063,14.9293,0.036168,0.138461
89,45.381024,14.285614,14.9364,0.033343,0.138762
90,45.993109,14.713508,14.9428,0.033590,0.139553
91,46.601479,15.147215,14.9485,0.033591,0.140248
92,47.206021,15.586729,14.9536,0.031313,0.140884
93,47.806655,16.032001,14.9583,0.034145,0.141489
94,48.403590,16.482606,14.9625,0.033881,0.141579
95,48.996399,16.938966,14.9662,0.033877,0.141741
96,49.585045,17.400989,14.9696,0.033856,0.141919
97,50.169456,17.868625,14.9726,0.033840,0.142113
98,50.749570,18.341825,14.9754,0.033827,0.142319
99,51.325321,18.820536,14.9778,0.033817,0.142533
100,51.896649,19.304708,14.9800,0.033809,0.142753
101,52.463492,19.794293,14.9820,0.033803,0.142977
102,53.025792,20.289240,14.9838,0.033798,0.143203
103,53.583490,20.789502,14.9855,0.033794,0.143429
104,54.136530,21.295027,14.9869,0.031471,0.143640
105,54.684856,21.805769,14.9882,0.034328,0.143863
106,55.228746,22.321327,14.9894,0.034028,0.143602
107,55.767740,22.842086,14.9905,0.034011,0.143451
108,56.301827,23.367953,14.9914,0.033976,0.143347
109,56.830957,23.898874,14.9923,0.033948,0.143288
110,57.355084,24.434795,14.9930,0.033924,0.143267
111,57.874161,24.975662,14.9937,0.033904,0.143276
112,58.388143,25.521422,14.9944,0.033887,0.143312
113,58.896983,26.072020,14.9949,0.033873,0.143370
114,59.400637,26.627405,14.9954,0.033861,0.143446
115,59.899060,27.187523,14.9959,0.033851,0.143538
116,60.392207,27.752323,14.9963,0.033842,0.143644
117,60.880034,28.321750,14.9967,0.033835,0.143760
118,61.362498,28.895753,14.9970,0.033829,0.143886
119,61.839555,29.474278,14.9973,0.033824,0.144019
120,62.311164,30.057273,14.9976,0.033820,0.144159
121,62.777281,30.644685,14.9978,0.031490,0.144287
122,63.237866,31.236460,14.9980,0.034357,0.144435
123,63.693263,31.832250,14.9982,0.034050,0.144102
124,64.142957,32.432369,14.9984,0.034033,0.143886
125,64.586959,33.036722,14.9986,0.033997,0.143722
126,65.025231,33.645254,14.9987,0.033967,0.143607
127,65.457739,34.257904,14.9988,0.033943,0.143534
128,65.884449,34.874614,14.9990,0.033921,0.143496
129,66.305327,35.495326,14.9991,0.033903,0.143488
130,66.720339,36.119981,14.9992,0.033888,0.143506
131,67.129451,36.748523,14.9992,0.033874,0.143546
132,67.532628,37.380892,14.9993,0.033863,0.143605
133,67.929837,38.017032,14.9994,0.033854,0.143680
134,68.321045,38.656883,14.9994,0.033845,0.143769
135,68.706218,39.300389,14.9995,0.033839,0.143869
136,69.085323,39.947492,14.9996,0.033833,0.143979
137,69.458329,40.598133,14.9996,0.033828,0.144098
138,69.825202,41.252253,14.9996,0.033823,0.144224
139,70.185912,41.909795,14.9997,0.031493,0.144339
140,70.540426,42.570700,14.9997,0.034362,0.144475
141,70.889144,43.234683,14.9997,0.034054,0.144130
142,71.231507,43.901967,14.9998,0.034036,0.143903
143,71.567541,44.572461,14.9998,0.034000,0.143730
144,71.897219,45.246105,14.9998,0.033971,0.143606
145,72.220519,45.922835,14.9998,0.033945,0.143524
146,72.537416,46.602587,14.9998,0.033924,0.143478
147,72.847887,47.285299,14.9999,0.033906,0.143463
148,73.151910,47.970908,14.9999,0.033890,0.143475
149,73.449460,48.659352,14.9999,0.033877,0.143509
150,73.740513,49.350568,14.9999,0.033865,0.143562
151,74.025047,50.044493,14.9999,0.033855,0.143632
152,74.303039,50.741066,14.9999,0.033847,0.143716
153,74.574465,51.440224,14.9999,0.033840,0.143812
154,74.839304,52.141904,14.9999,0.033834,0.143918
155,75.097533,52.846044,14.9999,0.033829,0.144034
156,75.349130,53.552580,14.9999,0.033824,0.144156
157,75.594075,54.261451,15.0000,0.033821,0.144286
158,75.832346,54.972593,15.0000,0.031491,0.144403
159,76.063923,55.685944,15.0000,0.034360,0.144541
160,76.289250,56.401293,15.0000,0.034052,0.144198
161,76.507736,57.118762,15.0000,0.034035,0.143972
162,76.719423,57.838266,15.0000,0.033999,0.143799
163,76.924296,58.559740,15.0000,0.033970,0.143676
164,77.122344,59.283117,15.0000,0.033945,0.143595
165,77.313555,60.008332,15.0000,0.033923,0.143549
166,77.497917,60.735319,15.0000,0.033905,0.143535
167,77.675417,61.464011,15.0000,0.033890,0.143546
168,77.846044,62.194343,15.0000,0.033876,0.143580
169,78.009786,62.926250,15.0000,0.033865,0.143634
170,78.166631,63.659665,15.0000,0.033855,0.143704
171,78.316567,64.394525,15.0000,0.033847,0.143787
172,78.459583,65.130762,15.0000,0.033840,0.143883
173,78.595668,65.868312,15.0000,0.033834,0.143990
174,78.724812,66.607109,15.0000,0.033829,0.144105
175,78.847004,67.347088,15.0000,0.033824,0.144227
176,78.962234,68.088183,15.0000,0.031494,0.144340
177,79.070494,68.830328,15.0000,0.034363,0.144473
178,79.172255,69.573392,15.0000,0.034054,0.144125
179,79.266916,70.317394,15.0000,0.034037,0.143896
180,79.354532,71.062258,15.0000,0.034001,0.143720
181,79.435099,71.807918,15.0000,0.033971,0.143594
182,79.508617,72.554306,15.0000,0.033946,0.143510
183,79.575087,73.301355,15.0000,0.033925,0.143463
184,79.634506,74.048997,15.0000,0.033906,0.143447
185,79.686875,74.797166,15.0000,0.033890,0.143457
186,79.732192,75.545796,15.0000,0.033877,0.143490
187,79.770457,76.294819,15.0000,0.033866,0.143542
188,79.801669,77.044169,15.0000,0.033856,0.143611
189,79.825828,77.793780,15.0000,0.033847,0.143694
190,79.842934,78.543585,15.0000,0.033840,0.143789
191,79.852987,79.293517,15.0000,0.033834,0.143895
192,79.855987,80.043511,15.0000,0.033829,0.144009
193,79.851936,80.793500,15.0000,0.033825,0.144131
194,79.840835,81.543418,15.0000,0.033821,0.144260
195,79.822685,82.293198,15.0000,0.031491,0.144377
196,79.797490,83.042775,15.0000,0.034360,0.144515
197,79.765737,83.792102,15.0000,0.034052,0.144171
198,79.726830,84.541092,15.0000,0.034035,0.143945
199,79.680838,85.289681,15.0000,0.033999,0.143772
200,79.627768,86.037801,15.0000,0.033970,0.143648
201,79.567633,86.785386,15.0000,0.033945,0.143567
202,79.500443,87.532370,15.0000,0.033924,0.143521
203,79.426210,88.278688,15.0000,0.033905,0.143506
204,79.344945,89.024272,15.0000,0.033890,0.143518
205,79.256659,89.769058,15.0000,0.033876,0.143552
206,79.161364,90.512979,15.0000,0.033865,0.143605
207,79.059069,91.255970,15.0000,0.033855,0.143675
208,78.949787,91.997966,15.0000,0.033847,0.143758
209,78.833530,92.738900,15.0000,0.033840,0.143854
210,78.710309,93.478709,15.0000,0.033834,0.143960
211,78.580136,94.217326,15.0000,0.033829,0.144075
212,78.443025,94.954686,15.0000,0.033825,0.144198
213,78.298989,95.690725,15.0000,0.031494,0.144310
214,78.148041,96.425378,15.0000,0.034363,0.144443
215,77.990669,97.158682,15.0000,0.034055,0.144096
216,77.826303,97.890449,15.0000,0.034037,0.143866
217,77.655018,98.620628,15.0000,0.034001,0.143690
218,77.476836,99.349155,15.0000,0.033971,0.143564
219,77.291778,100.075965,15.0000,0.033946,0.143481
220,77.099867,100.800997,15.0000,0.033925,0.143433
221,76.901126,101.524185,15.0000,0.033906,0.143417
222,76.695576,102.245468,15.0000,0.033890,0.143427
223,76.483239,102.964783,15.0000,0.033877,0.143460
224,76.264138,103.682065,15.0000,0.033866,0.143512
225,76.038294,104.397254,15.0000,0.033856,0.143581
226,75.805729,105.110285,15.0000,0.033847,0.143664
227,75.566467,105.821097,15.0000,0.033840,0.143759
228,75.320530,106.529627,15.0000,0.033834,0.143865
229,75.067941,107.235813,15.0000,0.033829,0.143979
230,74.808724,107.939594,15.0000,0.033825,0.144102
231,74.542902,108.640906,15.0000,0.033821,0.144230
232,74.270501,109.339689,15.0000,0.031491,0.144348
233,73.991544,110.035880,15.0000,0.034360,0.144485
234,73.706506,110.729605,15.0000,0.034052,0.144141
235,73.414857,111.420576,15.0000,0.034035,0.143915
236,73.116682,112.108756,15.0000,0.033999,0.143742
237,72.812013,112.794085,15.0000,0.033970,0.143619
238,72.500882,113.476506,15.0000,0.033945,0.143537
239,72.183324,114.155959,15.0000,0.033923,0.143491
240,71.859370,114.832386,15.0000,0.033905,0.143477
241,71.529055,115.505730,15.0000,0.033890,0.143488
242,71.192410,116.175932,15.0000,0.033876,0.143522
243,70.849469,116.842933,15.0000,0.033865,0.143575
244,70.500264,117.506677,15.0000,0.033855,0.143645
245,70.144828,118.167105,15.0000,0.033847,0.143729
246,69.783195,118.824161,15.0000,0.033840,0.143824
247,69.415398,119.477785,15.0000,0.033834,0.143930
248,69.041471,120.127923,15.0000,0.033829,0.144045
249,68.661448,120.774516,15.0000,0.033824,0.144168
250,68.275363,121.417508,15.0000,0.031494,0.144281
251,67.883253,122.056843,15.0000,0.034363,0.144414
252,67.485562,122.692722,15.0000,0.034055,0.144066
253,67.081817,123.324774,15.0000,0.034037,0.143837
254,66.672109,123.952978,15.0000,0.034001,0.143661
255,66.256478,124.577278,15.0000,0.033971,0.143535
256,65.834967,125.197623,15.0000,0.033946,0.143451
257,65.407619,125.813962,15.0000,0.033925,0.143404
258,64.974475,126.426242,15.0000,0.033906,0.143388
259,64.535579,127.034412,15.0000,0.033890,0.143398
260,64.090973,127.638419,15.0000,0.033877,0.143431
261,63.640698,128.238213,15.0000,0.033866,0.143483
262,63.184796,128.833741,15.0000,0.033856,0.143552
263,62.723311,129.424953,15.0000,0.033847,0.143635
264,62.256284,130.011796,15.0000,0.033840,0.143730
265,61.783758,130.594222,15.0000,0.033834,0.143835
266,61.305776,131.172178,15.0000,0.033829,0.143950
267,60.822381,131.745615,15.0000,0.033825,0.144072
268,60.333618,132.314482,15.0000,0.033821,0.144201
269,59.839528,132.878730,15.0000,0.031491,0.144319
270,59.340158,133.438309,15.0000,0.034360,0.144456
271,58.835911,133.993498,15.0000,0.034052,0.144112
272,58.326385,134.543847,15.0000,0.034035,0.143886
273,57.811674,135.089349,15.0000,0.033999,0.143713
274,57.291828,135.629959,15.0000,0.033970,0.143589
275,56.766897,136.165634,15.0000,0.033945,0.143508
276,56.236932,136.696330,15.0000,0.033923,0.143462
277,55.701986,137.222003,15.0000,0.033905,0.143447
278,55.162108,137.742610,15.0000,0.033890,0.143459
279,54.617349,138.258108,15.0000,0.033876,0.143493
280,54.067759,138.768452,15.0000,0.033865,0.143546
281,53.513390,139.273600,15.0000,0.033855,0.143616
282,52.954292,139.773509,15.0000,0.033847,0.143699
283,52.390515,140.268136,15.0000,0.033840,0.143795
284,51.822111,140.757439,15.0000,0.033834,0.143901
285,51.249132,141.241375,15.0000,0.033829,0.144016
286,50.671627,141.719903,15.0000,0.033824,0.144139
287,50.089650,142.192980,15.0000,0.033821,0.144268
288,49.503252,142.660567,15.0000,0.031491,0.144385
289,48.912485,143.122622,15.0000,0.034360,0.144523
290,48.317698,143.579490,15.0000,0.034052,0.144179
291,47.718576,144.030658,15.0000,0.034035,0.143953
292,47.115212,144.476137,15.0000,0.033999,0.143780
293,46.507661,144.915889,15.0000,0.033970,0.143657
294,45.895983,145.349882,15.0000,0.033945,0.143575
295,45.280235,145.778081,15.0000,0.033923,0.143530
296,44.660475,146.200453,15.0000,0.033905,0.143515
297,44.036762,146.616965,15.0000,0.033890,0.143527
298,43.409152,147.027581,15.0000,0.033876,0.143561
299,42.777703,147.432269,15.0000,0.033865,0.143614
300,42.142473,147.830995,15.0000,0.033855,0.143684
301,41.503518,148.223725,15.0000,0.033847,0.143767
302,40.860897,148.610427,15.0000,0.033840,0.143863
303,40.214668,148.991067,15.0000,0.033834,0.143969
304,39.564887,149.365614,15.0000,0.033829,0.144084
305,38.911614,149.734035,15.0000,0.033825,0.144207
306,38.254906,150.096299,15.0000,0.031494,0.144320
307,37.594823,150.452375,15.0000,0.034363,0.144452
308,36.931649,150.802660,15.0000,0.034055,0.144105
309,36.265160,151.146597,15.0000,0.034037,0.143875
310,35.595446,151.484211,15.0000,0.034001,0.143699
311,34.922569,151.815476,15.0000,0.033971,0.143573
312,34.246592,152.140369,15.0000,0.033946,0.143490
313,33.567578,152.458866,15.0000,0.033925,0.143443
314,32.885590,152.770943,15.0000,0.033906,0.143426
315,32.200691,153.076578,15.0000,0.033890,0.143436
316,31.512942,153.375746,15.0000,0.033877,0.143469
317,30.822406,153.668424,15.0000,0.033866,0.143521
318,30.129146,153.954589,15.0000,0.033856,0.143590
319,29.433223,154.234217,15.0000,0.033847,0.143673
320,28.734701,154.507285,15.0000,0.033840,0.143768
321,28.033641,154.773772,15.0000,0.033834,0.143874
322,27.330106,155.033654,15.0000,0.033829,0.143989
323,26.624159,155.286910,15.0000,0.033825,0.144111
324,25.915862,155.533518,15.0000,0.033821,0.144239
325,25.205279,155.773459,15.0000,0.031491,0.144357
326,24.492472,156.006710,15.0000,0.034360,0.144494
327,23.777651,156.233716,15.0000,0.034052,0.144151
328,23.060696,156.453885,15.0000,0.034035,0.143924
329,22.341689,156.667261,15.0000,0.033999,0.143751
330,21.620696,156.873827,15.0000,0.033970,0.143628
331,20.897784,157.073572,15.0000,0.033945,0.143546
332,20.173019,157.266484,15.0000,0.033923,0.143501
333,19.446466,157.452552,15.0000,0.033905,0.143486
334,18.718191,157.631762,15.0000,0.033890,0.143497
335,17.988261,157.804102,15.0000,0.033876,0.143531
336,17.256739,157.969561,15.0000,0.033865,0.143584
337,16.523693,158.128126,15.0000,0.033855,0.143654
338,15.789187,158.279786,15.0000,0.033847,0.143738
339,15.053287,158.424530,15.0000,0.033840,0.143833
340,14.316057,158.562345,15.0000,0.033834,0.143939
341,13.577565,158.693222,15.0000,0.033829,0.144054
342,12.837874,158.817150,15.0000,0.033824,0.144177
343,12.097052,158.934119,15.0000,0.031494,0.144290
344,11.355162,159.044120,15.0000,0.034363,0.144423
345,10.612339,159.147624,15.0000,0.034055,0.144075
346,9.868561,159.244030,15.0000,0.034037,0.143846
347,9.123904,159.333394,15.0000,0.034001,0.143670
348,8.378435,159.415710,15.0000,0.033971,0.143544
349,7.632221,159.490979,15.0000,0.033946,0.143460
350,6.885330,159.559201,15.0000,0.033925,0.143413
351,6.137829,159.620374,15.0000,0.033906,0.143397
352,5.389785,159.674498,15.0000,0.033890,0.143407
353,4.641264,159.721572,15.0000,0.033877,0.143440
354,3.892332,159.761594,15.0000,0.033866,0.143492
355,3.143057,159.794565,15.0000,0.033856,0.143561
356,2.393505,159.820482,15.0000,0.033847,0.143644
357,1.643742,159.839347,15.0000,0.033840,0.143739
358,0.893835,159.851159,15.0000,0.033834,0.143844
359,0.143851,159.855919,15.0000,0.033829,0.143959
360,-0.606146,159.853628,15.0000,0.033825,0.144081
361,-1.356088,159.844286,15.0000,0.033821,0.144210
362,-2.105909,159.827896,15.0000,0.031491,0.144327
363,-2.855542,159.804460,15.0000,0.034360,0.144465
364,-3.604942,159.774464,15.0000,0.034052,0.144121
365,-4.354022,159.737315,15.0000,0.034035,0.143895
366,-5.102716,159.693080,15.0000,0.033999,0.143722
367,-5.850959,159.641765,15.0000,0.033970,0.143598
368,-6.598683,159.583384,15.0000,0.033945,0.143517
369,-7.345823,159.517947,15.0000,0.033923,0.143471
370,-8.092312,159.445465,15.0000,0.033905,0.143456
371,-8.838085,159.365950,15.0000,0.033890,0.143468
372,-9.583076,159.279412,15.0000,0.033876,0.143502
373,-10.327219,159.185862,15.0000,0.033865,0.143555
374,-11.070448,159.085311,15.0000,0.033855,0.143625
375,-11.812698,158.977770,15.0000,0.033847,0.143708
376,-12.553903,158.863252,15.0000,0.033840,0.143804
377,-13.293999,158.741767,15.0000,0.033834,0.143910
378,-14.032919,158.613328,15.0000,0.033829,0.144025
379,-14.770599,158.477947,15.0000,0.033824,0.144148
380,-15.506974,158.335638,15.0000,0.033821,0.144277
381,-16.241979,158.186414,15.0000,0.031491,0.144394
382,-16.975549,158.030289,15.0000,0.034360,0.144532
383,-17.707725,157.867751,15.0000,0.034052,0.144188
384,-18.438315,157.698229,15.0000,0.034035,0.143962
385,-19.167269,157.521802,15.0000,0.033999,0.143789
386,-19.894521,157.338488,15.0000,0.033970,0.143666
387,-20.620010,157.148312,15.0000,0.033945,0.143584
388,-21.343670,156.951296,15.0000,0.033923,0.143539
389,-22.065440,156.747463,15.0000,0.033905,0.143524
390,-22.785257,156.536835,15.0000,0.033890,0.143535
391,-23.503057,156.319434,15.0000,0.033876,0.143569
392,-24.218778,156.095284,15.0000,0.033865,0.143623
393,-24.932357,155.864406,15.0000,0.033855,0.143692
394,-25.643732,155.626823,15.0000,0.033847,0.143776
395,-26.352840,155.382558,15.0000,0.033840,0.143872
396,-27.059620,155.131634,15.0000,0.033834,0.143978
397,-27.764009,154.874075,15.0000,0.033829,0.144093
398,-28.465945,154.609906,15.0000,0.033825,0.144216
399,-29.165367,154.339149,15.0000,0.031494,0.144328
400,-29.862213,154.061830,15.0000,0.034363,0.144461
401,-30.556605,153.778424,15.0000,0.034055,0.144114
402,-31.248260,153.488400,15.0000,0.034037,0.143884
403,-31.937139,153.191844,15.0000,0.034001,0.143708
404,-32.623182,152.888785,15.0000,0.033971,0.143582
405,-33.306332,152.579258,15.0000,0.033946,0.143499
406,-33.986529,152.263296,15.0000,0.033925,0.143451
407,-34.663715,151.940932,15.0000,0.033906,0.143435
408,-35.337832,151.612199,15.0000,0.033890,0.143445
409,-36.008822,151.277128,15.0000,0.033877,0.143478
410,-36.676627,150.935753,15.0000,0.033866,0.143530
411,-37.341189,150.588107,15.0000,0.033856,0.143599
412,-38.002450,150.234223,15.0000,0.033847,0.143682
413,-38.660352,149.874133,15.0000,0.033840,0.143777
414,-39.314838,149.507871,15.0000,0.033834,0.143883
415,-39.965851,149.135470,15.0000,0.033829,0.143997
416,-40.613334,148.756966,15.0000,0.033825,0.144119
417,-41.257230,148.372391,15.0000,0.033821,0.144248
418,-41.897483,147.981782,15.0000,0.031491,0.144365
419,-42.534037,147.585172,15.0000,0.034360,0.144503
420,-43.167096,147.183008,15.0000,0.034052,0.144159
421,-43.796287,146.774817,15.0000,0.034035,0.143933
422,-44.421586,146.360691,15.0000,0.033999,0.143760
423,-45.042941,145.940669,15.0000,0.033970,0.143636
424,-45.660300,145.514796,15.0000,0.033945,0.143555
425,-46.273612,145.083115,15.0000,0.033924,0.143509
426,-46.882824,144.645667,15.0000,0.033905,0.143494
427,-47.487885,144.202496,15.0000,0.033890,0.143506
428,-48.088745,143.753644,15.0000,0.033876,0.143540
429,-48.685350,143.299153,15.0000,0.033865,0.143593
430,-49.277651,142.839067,15.0000,0.033855,0.143662
431,-49.865596,142.373427,15.0000,0.033847,0.143746
432,-50.449134,141.902276,15.0000,0.033840,0.143842
433,-51.028216,141.425658,15.0000,0.033834,0.143948
434,-51.602789,140.943615,15.0000,0.033829,0.144063
435,-52.172806,140.456192,15.0000,0.033825,0.144186
436,-52.738215,139.963432,15.0000,0.031494,0.144299
437,-53.298967,139.465379,15.0000,0.034363,0.144431
438,-53.855340,138.962438,15.0000,0.034055,0.144084
439,-54.406885,138.454207,15.0000,0.034037,0.143854
440,-54.953595,137.940780,15.0000,0.034001,0.143678
441,-55.495425,137.422205,15.0000,0.033971,0.143552
442,-56.032331,136.898533,15.0000,0.033946,0.143469
443,-56.564270,136.369817,15.0000,0.033925,0.143421
444,-57.091198,135.836106,15.0000,0.033906,0.143405
445,-57.613071,135.297452,15.0000,0.033890,0.143415
446,-58.129846,134.753904,15.0000,0.033877,0.143448
447,-58.641479,134.205514,15.0000,0.033866,0.143500
448,-59.147927,133.652332,15.0000,0.033856,0.143569
449,-59.649147,133.094409,15.0000,0.033847,0.143652
450,-60.145095,132.531794,15.0000,0.033840,0.143747
451,-60.635730,131.964540,15.0000,0.033834,0.143853
452,-61.121010,131.392698,15.0000,0.033829,0.143967
453,-61.600891,130.816318,15.0000,0.033825,0.144090
454,-62.075333,130.235452,15.0000,0.033821,0.144218
455,-62.544295,129.650153,15.0000,0.031491,0.144336
456,-63.007734,129.060472,15.0000,0.034360,0.144473
457,-63.465997,128.466759,15.0000,0.034052,0.144130
458,-63.918569,127.868697,15.0000,0.034035,0.143903
459,-64.365462,127.266379,15.0000,0.033999,0.143730
460,-64.806639,126.659862,15.0000,0.033970,0.143607
461,-65.242066,126.049203,15.0000,0.033945,0.143525
462,-65.671708,125.434462,15.0000,0.033923,0.143480
463,-66.095534,124.815695,15.0000,0.033905,0.143465
464,-66.513507,124.192961,15.0000,0.033890,0.143476
465,-66.925595,123.566316,15.0000,0.033876,0.143510
466,-67.331763,122.935818,15.0000,0.033865,0.143563
467,-67.731978,122.301525,15.0000,0.033855,0.143633
468,-68.126206,121.663494,15.0000,0.033847,0.143717
469,-68.514415,121.021782,15.0000,0.033840,0.143812
470,-68.896570,120.376447,15.0000,0.033834,0.143919
471,-69.272641,119.727547,15.0000,0.033829,0.144034
472,-69.642594,119.075140,15.0000,0.033824,0.144156
473,-70.006397,118.419284,15.0000,0.033821,0.144285
474,-70.364021,117.760038,15.0000,0.031491,0.144402
475,-70.715432,117.097460,15.0000,0.034360,0.144540
476,-71.061033,116.431832,15.0000,0.034052,0.144197
477,-71.400262,115.762935,15.0000,0.034035,0.143970
478,-71.733147,115.090858,15.0000,0.033999,0.143797
479,-72.059660,114.415662,15.0000,0.033970,0.143674
480,-72.379780,113.737412,15.0000,0.033945,0.143593
481,-72.693483,113.056170,15.0000,0.033923,0.143547
482,-73.000747,112.372000,15.0000,0.033905,0.143532
483,-73.301547,111.684963,15.0000,0.033890,0.143544
484,-73.595861,110.995123,15.0000,0.033876,0.143578
485,-73.883665,110.302542,15.0000,0.033865,0.143631
486,-74.164938,109.607282,15.0000,0.033855,0.143701
487,-74.439655,108.909407,15.0000,0.033847,0.143784
488,-74.707794,108.208977,15.0000,0.033840,0.143880
489,-74.969334,107.506057,15.0000,0.033834,0.143986
490,-75.224252,106.800708,15.0000,0.033829,0.144101
491,-75.472527,106.092994,15.0000,0.033825,0.144224
492,-75.714139,105.382977,15.0000,0.031494,0.144337
493,-75.949066,104.670721,15.0000,0.034363,0.144469
494,-76.177752,103.956436,15.0000,0.034055,0.144122
495,-76.399606,103.240000,15.0000,0.034037,0.143892
496,-76.614670,102.521497,15.0000,0.034001,0.143716
497,-76.822930,101.800991,15.0000,0.033971,0.143590
498,-77.024372,101.078550,15.0000,0.033946,0.143507
499,-77.218986,100.354240,15.0000,0.033925,0.143460
500,-77.406758,99.628126,15.0000,0.033906,0.143443
501,-77.587678,98.900274,15.0000,0.033890,0.143453
502,-77.761731,98.170750,15.0000,0.033877,0.143486
503,-77.928906,97.439619,15.0000,0.033866,0.143538
504,-78.089192,96.706947,15.0000,0.033856,0.143607
505,-78.242575,95.972799,15.0000,0.033847,0.143690
506,-78.389045,95.237240,15.0000,0.033840,0.143785
507,-78.528590,94.500336,15.0000,0.033834,0.143891
508,-78.661200,93.762153,15.0000,0.033829,0.144006
509,-78.786863,93.022755,15.0000,0.033825,0.144128
510,-78.905570,92.282209,15.0000,0.033821,0.144256
511,-79.017311,91.540580,15.0000,0.031491,0.144374
512,-79.122078,90.797933,15.0000,0.034360,0.144511
513,-79.220342,90.054398,15.0000,0.034052,0.144167
514,-79.311502,89.309959,15.0000,0.034035,0.143941
515,-79.395613,88.564690,15.0000,0.033999,0.143768
516,-79.472673,87.818660,15.0000,0.033970,0.143644
517,-79.542680,87.071934,15.0000,0.033945,0.143563
518,-79.605636,86.324581,15.0000,0.033924,0.143517
519,-79.661540,85.576668,15.0000,0.033905,0.143502
520,-79.710390,84.828260,15.0000,0.033890,0.143514
521,-79.752188,84.079426,15.0000,0.033876,0.143548
522,-79.786931,83.330231,15.0000,0.033865,0.143601
523,-79.814621,82.580742,15.0000,0.033855,0.143671
524,-79.835256,81.831026,15.0000,0.033847,0.143754
525,-79.848837,81.081149,15.0000,0.033840,0.143850
526,-79.855364,80.331178,15.0000,0.033834,0.143956
527,-79.854839,79.581178,15.0000,0.033829,0.144071
528,-79.847263,78.831216,15.0000,0.033825,0.144194
529,-79.832637,78.081359,15.0000,0.031494,0.144307
530,-79.810964,77.331672,15.0000,0.034363,0.144440
531,-79.782731,76.582203,15.0000,0.034055,0.144092
532,-79.747342,75.833039,15.0000,0.034037,0.143862
533,-79.704866,75.084243,15.0000,0.034001,0.143686
534,-79.655309,74.335882,15.0000,0.033971,0.143560
535,-79.598684,73.588022,15.0000,0.033946,0.143477
536,-79.535001,72.840731,15.0000,0.033925,0.143430
537,-79.464273,72.094073,15.0000,0.033906,0.143413
538,-79.386508,71.348116,15.0000,0.033890,0.143423
539,-79.301719,70.602924,15.0000,0.033877,0.143456
540,-79.209916,69.858564,15.0000,0.033866,0.143508
541,-79.111110,69.115101,15.0000,0.033856,0.143577
542,-79.005311,68.372600,15.0000,0.033847,0.143660
543,-78.892532,67.631128,15.0000,0.033840,0.143755
544,-78.772784,66.890750,15.0000,0.033834,0.143861
545,-78.646079,66.151530,15.0000,0.033829,0.143976
546,-78.512430,65.413534,15.0000,0.033825,0.144098
547,-78.371849,64.676827,15.0000,0.033821,0.144226
548,-78.224350,63.941474,15.0000,0.031491,0.144344
549,-78.069946,63.207540,15.0000,0.034360,0.144481
550,-77.909127,62.474985,15.0000,0.034052,0.144138
551,-77.741320,61.743999,15.0000,0.034035,0.143911
552,-77.566603,61.014633,15.0000,0.033999,0.143738
553,-77.384996,60.286953,15.0000,0.033970,0.143615
554,-77.196523,59.561020,15.0000,0.033945,0.143533
555,-77.001205,58.836899,15.0000,0.033923,0.143488
556,-76.799065,58.114653,15.0000,0.033905,0.143473
557,-76.590127,57.394345,15.0000,0.033890,0.143484
558,-76.374411,56.676036,15.0000,0.033876,0.143518
559,-76.151940,55.959791,15.0000,0.033865,0.143571
560,-75.922736,55.245673,15.0000,0.033855,0.143641
561,-75.686823,54.533742,15.0000,0.033847,0.143725
562,-75.444222,53.824063,15.0000,0.033840,0.143820
563,-75.194957,53.116697,15.0000,0.033834,0.143927
564,-74.939052,52.411705,15.0000,0.033829,0.144042
565,-74.676530,51.709152,15.0000,0.033824,0.144164
566,-74.407415,51.009096,15.0000,0.031494,0.144277
567,-74.131732,50.311602,15.0000,0.034363,0.144410
568,-73.849955,49.616546,15.0000,0.034055,0.144063
569,-73.561555,48.924213,15.0000,0.034037,0.143833
570,-73.266615,48.234640,15.0000,0.034001,0.143657
571,-72.965167,47.547888,15.0000,0.033971,0.143531
572,-72.657244,46.864014,15.0000,0.033946,0.143448
573,-72.342878,46.183078,15.0000,0.033924,0.143400
574,-72.022104,45.505137,15.0000,0.033906,0.143384
575,-71.694952,44.830250,15.0000,0.033890,0.143394
576,-71.361457,44.158476,15.0000,0.033877,0.143427
577,-71.021650,43.489872,15.0000,0.033866,0.143479
578,-70.675564,42.824497,15.0000,0.033856,0.143548
579,-70.323231,42.162408,15.0000,0.033847,0.143631
580,-69.964686,41.503662,15.0000,0.033840,0.143726
581,-69.599960,40.848319,15.0000,0.033834,0.143832
582,-69.229088,40.196434,15.0000,0.033829,0.143946
583,-68.852104,39.548065,15.0000,0.033825,0.144068
584,-68.469041,38.903268,15.0000,0.033821,0.144197
585,-68.079935,38.262100,15.0000,0.031491,0.144315
586,-67.684820,37.624617,15.0000,0.034360,0.144452
587,-67.284142,36.990616,15.0000,0.034052,0.144109
588,-66.877428,36.360470,15.0000,0.034035,0.143882
589,-66.464770,35.734201,15.0000,0.033999,0.143709
590,-66.046208,35.111862,15.0000,0.033970,0.143586
591,-65.621784,34.493506,15.0000,0.033945,0.143504
592,-65.191543,33.879183,15.0000,0.033923,0.143459
593,-64.755526,33.268946,15.0000,0.033905,0.143444
594,-64.313775,32.662847,15.0000,0.033890,0.143455
595,-63.866334,32.060936,15.0000,0.033876,0.143489
596,-63.413245,31.463266,15.0000,0.033865,0.143542
597,-62.954549,30.869887,15.0000,0.033855,0.143612
598,-62.490289,30.280851,15.0000,0.033847,0.143696
599,-62.020509,29.696209,15.0000,0.033840,0.143791
600,-61.545251,29.116011,15.0000,0.033834,0.143898
601,-61.064558,28.540308,15.0000,0.033829,0.144012
602,-60.578473,27.969150,15.0000,0.033824,0.144135
603,-60.087041,27.402586,15.0000,0.033821,0.144264
604,-59.590305,26.840667,15.0000,0.031491,0.144381
605,-59.088310,26.283440,15.0000,0.034360,0.144519
606,-58.581459,25.730628,15.0000,0.034052,0.144176
607,-58.069352,25.182680,15.0000,0.034035,0.143950
608,-57.552084,24.639602,15.0000,0.033999,0.143777
609,-57.029702,24.101441,15.0000,0.033970,0.143653
610,-56.502259,23.568240,15.0000,0.033945,0.143572
611,-55.969807,23.040041,15.0000,0.033923,0.143526
612,-55.432395,22.516887,15.0000,0.033905,0.143511
613,-54.890077,21.998823,15.0000,0.033890,0.143523
614,-54.342901,21.485892,15.0000,0.033876,0.143557
615,-53.790919,20.978136,15.0000,0.033865,0.143610
616,-53.234182,20.475599,15.0000,0.033855,0.143680
617,-52.672740,19.978323,15.0000,0.033847,0.143764
618,-52.106645,19.486351,15.0000,0.033840,0.143859
619,-51.535948,18.999725,15.0000,0.033834,0.143966
620,-50.960700,18.518488,15.0000,0.033829,0.144081
621,-50.380953,18.042679,15.0000,0.033825,0.144203
622,-49.796759,17.572342,15.0000,0.031494,0.144316
623,-49.208170,17.107516,15.0000,0.034363,0.144449
624,-48.615535,16.647860,15.0000,0.034055,0.144101
625,-48.018539,16.193883,15.0000,0.034037,0.143872
626,-47.417273,15.745575,15.0000,0.034001,0.143696
627,-46.811793,15.302975,15.0000,0.033971,0.143570
628,-46.202159,14.866116,15.0000,0.033946,0.143486
629,-45.588429,14.435030,15.0000,0.033925,0.143439
630,-44.970659,14.009753,15.0000,0.033906,0.143423
631,-44.348907,13.590319,15.0000,0.033890,0.143433
632,-43.723232,13.176761,15.0000,0.033877,0.143466
633,-43.093689,12.769114,15.0000,0.033866,0.143518
634,-42.460337,12.367412,15.0000,0.033856,0.143587
635,-41.823233,11.971687,15.0000,0.033847,0.143670
636,-41.182433,11.581974,15.0000,0.033840,0.143765
637,-40.537997,11.198305,15.0000,0.033834,0.143870
638,-39.889982,10.820713,15.0000,0.033829,0.143985
639,-39.238445,10.449230,15.0000,0.033825,0.144107
640,-38.583444,10.083888,15.0000,0.033821,0.144236
641,-37.925039,9.724719,15.0000,0.031491,0.144353
642,-37.263287,9.371753,15.0000,0.034360,0.144491
643,-36.598472,9.024592,15.0000,0.034052,0.144147
644,-35.930373,8.683794,15.0000,0.034035,0.143921
645,-35.259078,8.349334,15.0000,0.033999,0.143748
646,-34.584651,8.021237,15.0000,0.033970,0.143624
647,-33.907154,7.699527,15.0000,0.033945,0.143542
648,-33.226650,7.384226,15.0000,0.033923,0.143497
649,-32.543202,7.075358,15.0000,0.033905,0.143482
650,-31.856873,6.772947,15.0000,0.033890,0.143494
651,-31.167726,6.477015,15.0000,0.033876,0.143527
652,-30.475822,6.187587,15.0000,0.033865,0.143581
653,-29.781224,5.904684,15.0000,0.033855,0.143650
654,-29.083994,5.628331,15.0000,0.033847,0.143734
655,-28.384196,5.358549,15.0000,0.033840,0.143830
656,-27.681891,5.095360,15.0000,0.033834,0.143936
657,-26.977143,4.838788,15.0000,0.033829,0.144051
658,-26.270013,4.588853,15.0000,0.033824,0.144173
659,-25.560565,4.345576,15.0000,0.031494,0.144286
660,-24.848862,4.108978,15.0000,0.034363,0.144419
661,-24.135115,3.878618,15.0000,0.034055,0.144072
662,-23.419202,3.655083,15.0000,0.034037,0.143842
663,-22.701205,3.438333,15.0000,0.034001,0.143666
664,-21.981190,3.228384,15.0000,0.033971,0.143540
665,-21.259224,3.025247,15.0000,0.033946,0.143457
666,-20.535372,2.828935,15.0000,0.033925,0.143409
667,-19.809701,2.639459,15.0000,0.033906,0.143393
668,-19.082275,2.456833,15.0000,0.033890,0.143403
669,-18.353162,2.281068,15.0000,0.033877,0.143436
670,-17.622425,2.112178,15.0000,0.033866,0.143488
671,-16.890131,1.950174,15.0000,0.033856,0.143557
672,-16.156345,1.795068,15.0000,0.033847,0.143640
673,-15.421132,1.646873,15.0000,0.033840,0.143735
674,-14.684557,1.505599,15.0000,0.033834,0.143841
675,-13.946687,1.371258,15.0000,0.033829,0.143955
676,-13.207586,1.243860,15.0000,0.033825,0.144078
677,-12.467321,1.123416,15.0000,0.033821,0.144206
678,-11.725956,1.009935,15.0000,0.031491,0.144324
679,-10.983557,0.903427,15.0000,0.034360,0.144461
680,-10.240255,0.803418,15.0000,0.034052,0.144118
681,-9.496031,0.710512,15.0000,0.034035,0.143891
682,-8.750962,0.624652,15.0000,0.033999,0.143718
683,-8.005114,0.545842,15.0000,0.033970,0.143595
684,-7.258555,0.474083,15.0000,0.033945,0.143513
685,-6.511352,0.409373,15.0000,0.033923,0.143468
686,-5.763571,0.351715,15.0000,0.029229,0.143453
687,-5.015281,0.301109,15.0000,-0.002494,0.143464
688,-4.266604,0.256581,15.0000,0.000147,0.142523
689,-3.517958,0.211535,15.0000,-0.000003,0.134019
690,-2.769310,0.166519,15.0000,-0.000000,0.118505
691,-2.020662,0.121503,15.0000,-0.000000,0.095954
692,-1.272014,0.076486,15.0000,-0.000000,0.066372
693,-0.523366,0.031470,15.0000,-0.000000,0.029767
694,0.225281,-0.013546,15.0000,0.100000,-0.013867
695,0.973929,-0.058563,15.0000,0.200000,-0.064490
696,1.723541,-0.082699,15.0000,0.224823,-0.101247
697,2.473323,-0.064610,15.0000,0.124823,-0.102805
698,3.220444,0.001041,15.0000,0.024823,-0.063754
699,3.964823,0.092687,15.0000,-0.075177,-0.005614
700,4.708553,0.189464,15.0000,-0.091052,0.050695
701,5.454145,0.270661,15.0000,0.008948,0.084331
702,6.201556,0.332924,15.0000,0.061396,0.091922
703,6.948810,0.397045,15.0000,0.025614,0.094338
704,7.694860,0.473916,15.0000,0.029716,0.102521
705,8.440344,0.556094,15.0000,0.027944,0.108985
706,9.185125,0.644424,15.0000,0.031048,0.114616
707,9.929197,0.738535,15.0000,0.029078,0.119030
708,10.672429,0.839061,15.0000,0.032110,0.122872
709,11.414825,0.945588,15.0000,0.032146,0.125732
710,12.156241,1.058736,15.0000,0.032405,0.128242
711,12.896617,1.178502,15.0000,0.032605,0.130409
712,13.635884,1.304929,15.0000,0.032779,0.132287
713,14.373976,1.438049,15.0000,0.032927,0.133917
714,15.110824,1.577886,15.0000,0.033053,0.135335
715,15.846362,1.724460,15.0000,0.033161,0.136572
716,16.580523,1.877782,15.0000,0.033253,0.137655
717,17.313240,2.037863,15.0000,0.033332,0.138606
718,18.044446,2.204708,15.0000,0.033400,0.139444
719,18.774076,2.378319,15.0000,0.033457,0.140184
720,19.502063,2.558693,15.0000,0.033507,0.140843
721,20.228342,2.745828,15.0000,0.033549,0.141430
722,20.952846,2.939717,15.0000,0.031274,0.141941
723,21.675512,3.140352,15.0000,0.034156,0.142415
724,22.396407,3.347259,15.0000,0.033879,0.142362
725,23.115305,3.560999,15.0000,0.033887,0.142385
726,23.832160,3.781497,15.0000,0.033872,0.142424
727,24.546906,4.008736,15.0000,0.033862,0.142482
728,25.259482,4.242693,15.0000,0.033852,0.142556
729,25.969825,4.483344,15.0000,0.033844,0.142643
730,26.677873,4.730666,15.0000,0.033838,0.142742
731,27.383564,4.984636,15.0000,0.033832,0.142850
732,28.086835,5.245231,15.0000,0.033827,0.142967
733,28.787625,5.512425,15.0000,0.033823,0.143091
734,29.485873,5.786196,15.0000,0.033819,0.143222
735,30.181517,6.066516,15.0000,0.033816,0.143358
736,30.874495,6.353362,15.0000,0.033814,0.143498
737,31.564748,6.646707,15.0000,0.033811,0.143642
738,32.252214,6.946524,15.0000,0.033810,0.143790
739,32.936833,7.252788,15.0000,0.033808,0.143940
740,33.618544,7.565470,15.0000,0.033807,0.144093
741,34.297287,7.884542,15.0000,0.031480,0.144231
742,34.973004,8.209977,15.0000,0.034350,0.144386
743,35.645847,8.541309,15.0000,0.034043,0.144058
744,36.315498,8.879049,15.0000,0.034028,0.143845
745,36.981923,9.223109,15.0000,0.033992,0.143683
746,37.645065,9.573455,15.0000,0.033964,0.143569
747,38.304869,9.930049,15.0000,0.033940,0.143496
748,38.961278,10.292855,15.0000,0.033919,0.143457
749,39.614235,10.661835,15.0000,0.033902,0.143448
750,40.263686,11.036953,15.0000,0.033887,0.143465
751,40.909574,11.418173,15.0000,0.033874,0.143503
752,41.551844,11.805457,15.0000,0.033863,0.143560
753,42.190440,12.198771,15.0000,0.033853,0.143633
754,42.825306,12.598075,15.0000,0.033845,0.143719
755,43.456389,13.003335,15.0000,0.033839,0.143817
756,44.083631,13.414512,15.0000,0.033833,0.143926
757,44.706980,13.831569,15.0000,0.033828,0.144042
758,45.326381,14.254467,15.0000,0.033824,0.144166
759,45.941778,14.683170,15.0000,0.031494,0.144281
760,46.553119,15.117637,15.0000,0.034362,0.144414
761,47.160635,15.557438,15.0000,0.034054,0.144068
762,47.763923,16.003020,15.0000,0.034037,0.143839
763,48.362968,16.454290,15.0000,0.034000,0.143664
764,48.957718,16.911207,15.0000,0.033971,0.143538
765,49.548125,17.373722,15.0000,0.033946,0.143455
766,50.134139,17.841790,15.0000,0.033924,0.143408
767,50.715711,18.315365,15.0000,0.033906,0.143392
768,51.292794,18.794401,15.0000,0.033890,0.143403
769,51.865337,19.278853,15.0000,0.033877,0.143436
770,52.433293,19.768676,15.0000,0.033865,0.143489
771,52.996613,20.263823,15.0000,0.033856,0.143558
772,53.555248,20.764250,15.0000,0.033847,0.143641
773,54.109151,21.269910,15.0000,0.033840,0.143736
774,54.658273,21.780757,15.0000,0.033834,0.143842
775,55.202567,22.296745,15.0000,0.033829,0.143956
776,55.741985,22.817828,15.0000,0.033825,0.144079
777,56.276482,23.343959,15.0000,0.033821,0.144207
778,56.806009,23.875090,15.0000,0.031491,0.144325
779,57.330522,24.411175,15.0000,0.034360,0.144463
780,57.850324,24.951828,15.0000,0.034052,0.144119
781,58.364939,25.497420,15.0000,0.034035,0.143893
782,58.874369,26.047858,15.0000,0.033999,0.143720
783,59.378571,26.603088,15.0000,0.033970,0.143596
784,59.877504,27.163058,15.0000,0.033945,0.143515
785,60.371129,27.727712,15.0000,0.033923,0.143469
786,60.859406,28.296997,15.0000,0.033905,0.143454
787,61.342295,28.870860,15.0000,0.033890,0.143466
788,61.819755,29.449247,15.0000,0.033876,0.143500
789,62.291748,30.032104,15.0000,0.033865,0.143553
790,62.758233,30.619379,15.0000,0.033855,0.143623
791,63.219171,31.211018,15.0000,0.033847,0.143706
792,63.674522,31.806966,15.0000,0.033840,0.143802
793,64.124248,32.407172,15.0000,0.033834,0.143908
794,64.568311,33.011579,15.0000,0.033829,0.144023
795,65.006671,33.620135,15.0000,0.033824,0.144146
796,65.439291,34.232785,15.0000,0.033821,0.144275
797,65.866134,34.849474,15.0000,0.031491,0.144392
798,66.287162,35.470148,15.0000,0.034360,0.144530
799,66.702742,36.094481,15.0000,0.034052,0.144186
800,67.112343,36.722755,15.0000,0.034035,0.143960
801,67.515981,37.354875,15.0000,0.033999,0.143787
802,67.913621,37.990786,15.0000,0.033970,0.143664
803,68.305237,38.630424,15.0000,0.033945,0.143582
804,68.690797,39.273731,15.0000,0.033923,0.143537
805,69.070271,39.920646,15.0000,0.033905,0.143522
806,69.443631,40.571109,15.0000,0.033890,0.143534
807,69.810846,41.225061,15.0000,0.033876,0.143568
808,70.171886,41.882443,15.0000,0.033865,0.143621
809,70.526721,42.543193,15.0000,0.033855,0.143690
810,70.875323,43.207254,15.0000,0.033847,0.143774
811,71.217662,43.874565,15.0000,0.033840,0.143870
812,71.553710,44.545066,15.0000,0.033834,0.143976
813,71.883438,45.218698,15.0000,0.033829,0.144091
814,72.206818,45.895400,15.0000,0.033825,0.144214
815,72.523822,46.575112,15.0000,0.031494,0.144326
816,72.834424,47.257773,15.0000,0.034363,0.144459
817,73.139040,47.943126,15.0000,0.034055,0.144112
818,73.437097,48.631357,15.0000,0.034037,0.143882
819,73.728629,49.322378,15.0000,0.034001,0.143706
820,74.013611,50.016125,15.0000,0.033971,0.143580
821,74.292026,50.712534,15.0000,0.033946,0.143497
822,74.563854,51.411540,15.0000,0.033925,0.143449
823,74.829077,52.113079,15.0000,0.033906,0.143433
824,75.087675,52.817087,15.0000,0.033890,0.143443
825,75.339628,53.523500,15.0000,0.033877,0.143476
826,75.584917,54.232255,15.0000,0.033866,0.143528
827,75.823523,54.943287,15.0000,0.033856,0.143597
828,76.055428,55.656533,15.0000,0.033847,0.143680
829,76.280612,56.371930,15.0000,0.033840,0.143775
830,76.499058,57.089412,15.0000,0.033834,0.143881
831,76.710747,57.808918,15.0000,0.033829,0.143995
832,76.915662,58.530381,15.0000,0.033825,0.144117
833,77.113785,59.253739,15.0000,0.033821,0.144246
834,77.305102,59.978928,15.0000,0.031491,0.144363
835,77.489594,60.705882,15.0000,0.034360,0.144501
836,77.667718,61.434423,15.0000,0.034052,0.144157
837,77.838877,62.164632,15.0000,0.034035,0.143931
838,78.003120,62.896427,15.0000,0.033999,0.143758
839,78.160434,63.629743,15.0000,0.033970,0.143634
840,78.310813,64.364512,15.0000,0.033945,0.143553
841,78.454249,65.100669,15.0000,0.033923,0.143507
842,78.590735,65.838145,15.0000,0.033905,0.143492
843,78.720263,66.576875,15.0000,0.033890,0.143504
844,78.842825,67.316793,15.0000,0.033876,0.143538
845,78.958414,68.057833,15.0000,0.033865,0.143591
846,79.067021,68.799927,15.0000,0.033855,0.143661
847,79.168641,69.543011,15.0000,0.033847,0.143744
848,79.263265,70.287018,15.0000,0.033840,0.143840
849,79.350888,71.031882,15.0000,0.033834,0.143946
850,79.431502,71.777537,15.0000,0.033829,0.144061
851,79.505102,72.523917,15.0000,0.033825,0.144184
852,79.571683,73.270956,15.0000,0.031494,0.144297
853,79.631239,74.018587,15.0000,0.034363,0.144430
854,79.684250,74.766711,15.0000,0.034055,0.144082
855,79.730115,75.515308,15.0000,0.034037,0.143852
856,79.768894,76.264304,15.0000,0.034001,0.143677
857,79.800587,77.013635,15.0000,0.033971,0.143551
858,79.825199,77.763231,15.0000,0.033946,0.143467
859,79.842733,78.513026,15.0000,0.033925,0.143420
860,79.853194,79.262953,15.0000,0.033906,0.143403
861,79.856585,80.012945,15.0000,0.033890,0.143413
862,79.852910,80.762936,15.0000,0.033877,0.143446
863,79.842172,81.512859,15.0000,0.033866,0.143498
864,79.824374,82.262648,15.0000,0.033856,0.143567
865,79.799522,83.012236,15.0000,0.033847,0.143650
866,79.767618,83.761557,15.0000,0.033840,0.143746
867,79.728668,84.510545,15.0000,0.033834,0.143851
868,79.682677,85.259134,15.0000,0.033829,0.143966
869,79.629650,86.007257,15.0000,0.033825,0.144088
870,79.569592,86.754848,15.0000,0.033821,0.144216
871,79.502510,87.501842,15.0000,0.031491,0.144334
872,79.428411,88.248173,15.0000,0.034360,0.144471
873,79.347784,88.993826,15.0000,0.034052,0.144128
874,79.260041,89.738676,15.0000,0.034035,0.143902
875,79.165254,90.482662,15.0000,0.033999,0.143728
876,79.063435,91.225719,15.0000,0.033970,0.143605
877,78.954600,91.967780,15.0000,0.033945,0.143523
878,78.838765,92.708781,15.0000,0.033923,0.143478
879,78.715945,93.448656,15.0000,0.033905,0.143463
880,78.586157,94.187341,15.0000,0.033890,0.143474
881,78.449415,94.924770,15.0000,0.033876,0.143508
882,78.305734,95.660878,15.0000,0.033865,0.143562
883,78.155130,96.395602,15.0000,0.033855,0.143631
884,77.997619,97.128875,15.0000,0.033847,0.143715
885,77.833217,97.860635,15.0000,0.033840,0.143811
886,77.661939,98.590816,15.0000,0.033834,0.143917
887,77.483802,99.319353,15.0000,0.033829,0.144032
888,77.298824,100.046184,15.0000,0.033824,0.144154
889,77.107022,100.771244,15.0000,0.033821,0.144283
890,76.908413,101.494469,15.0000,0.031491,0.144400
891,76.703016,102.215796,15.0000,0.034360,0.144538
892,76.491315,102.935297,15.0000,0.034052,0.144195
893,76.272753,103.652745,15.0000,0.034035,0.143969
894,76.047413,104.368092,15.0000,0.033999,0.143796
895,75.815317,105.081276,15.0000,0.033970,0.143672
896,75.576494,105.792236,15.0000,0.033945,0.143591
897,75.330970,106.500909,15.0000,0.033923,0.143545
898,75.078772,107.207235,15.0000,0.033905,0.143530
899,74.819928,107.911152,15.0000,0.033890,0.143542
900,74.554462,108.612600,15.0000,0.033876,0.143576
901,74.282403,109.311516,15.0000,0.033865,0.143629
902,74.003777,110.007840,15.0000,0.033855,0.143699
903,73.718610,110.701511,15.0000,0.033847,0.143783
904,73.426930,111.392469,15.0000,0.033840,0.143878
905,73.128764,112.080653,15.0000,0.033834,0.143985
906,72.824140,112.766003,15.0000,0.033829,0.144100
907,72.513086,113.448458,15.0000,0.033825,0.144222
908,72.195630,114.127959,15.0000,0.031494,0.144335
909,71.871802,114.804447,15.0000,0.034363,0.144468
910,71.542066,115.478074,15.0000,0.034055,0.144120
911,71.205913,116.148523,15.0000,0.034037,0.143891
912,70.863430,116.815760,15.0000,0.034001,0.143715
913,70.514651,117.479728,15.0000,0.033971,0.143589
914,70.159615,118.140371,15.0000,0.033946,0.143505
915,69.798358,118.797633,15.0000,0.033925,0.143458
916,69.430917,119.451458,15.0000,0.033906,0.143441
917,69.057329,120.101790,15.0000,0.033890,0.143452
918,68.677631,120.748574,15.0000,0.033877,0.143484
919,68.291858,121.391753,15.0000,0.033866,0.143537
920,67.900047,122.031272,15.0000,0.033856,0.143605
921,67.502236,122.667075,15.0000,0.033847,0.143688
922,67.098460,123.299108,15.0000,0.033840,0.143784
923,66.688758,123.927315,15.0000,0.033834,0.143889
924,66.273167,124.551642,15.0000,0.033829,0.144004
925,65.851724,125.172034,15.0000,0.033825,0.144126
926,65.424468,125.788436,15.0000,0.033821,0.144255
927,64.991437,126.400796,15.0000,0.031491,0.144372
928,64.552670,127.009059,15.0000,0.034360,0.144509
929,64.108597,127.613459,15.0000,0.034052,0.144166
930,63.658774,128.213591,15.0000,0.034035,0.143939
931,63.203292,128.809440,15.0000,0.033999,0.143766
932,62.742195,129.400955,15.0000,0.033970,0.143643
933,62.275530,129.988087,15.0000,0.033945,0.143561
934,61.803344,130.570788,15.0000,0.033924,0.143516
935,61.325683,131.149009,15.0000,0.033905,0.143501
936,60.842591,131.722701,15.0000,0.033890,0.143512
937,60.354117,132.291816,15.0000,0.033876,0.143546
938,59.860304,132.856307,15.0000,0.033865,0.143599
939,59.361199,133.416123,15.0000,0.033855,0.143669
940,58.856849,133.971218,15.0000,0.033847,0.143753
941,58.347298,134.521544,15.0000,0.033840,0.143848
942,57.832594,135.067052,15.0000,0.033834,0.143954
943,57.312783,135.607697,15.0000,0.033829,0.144069
944,56.787912,136.143430,15.0000,0.033825,0.144192
945,56.258028,136.674206,15.0000,0.031494,0.144305
946,55.723179,137.199978,15.0000,0.034363,0.144438
947,55.183749,137.721050,15.0000,0.034055,0.144090
948,54.639368,138.236946,15.0000,0.034037,0.143861
949,54.090129,138.747668,15.0000,0.034001,0.143685
950,53.536085,139.253172,15.0000,0.033971,0.143559
951,52.977289,139.753419,15.0000,0.033946,0.143475
952,52.413795,140.248369,15.0000,0.033925,0.143428
953,51.845658,140.737981,15.0000,0.033906,0.143411
954,51.272930,141.222216,15.0000,0.033890,0.143422
955,50.695666,141.701033,15.0000,0.033877,0.143454
956,50.113918,142.174392,15.0000,0.033866,0.143507
957,49.527739,142.642254,15.0000,0.033856,0.143575
958,48.937184,143.104579,15.0000,0.033847,0.143658
959,48.342305,143.561328,15.0000,0.033840,0.143754
960,47.743157,144.012461,15.0000,0.033834,0.143859
961,47.139793,144.457941,15.0000,0.033829,0.143974
962,46.532267,144.897728,15.0000,0.033825,0.144096
963,45.920634,145.331784,15.0000,0.033821,0.144225
964,45.304948,145.760072,15.0000,0.031491,0.144342
965,44.685265,146.182556,15.0000,0.034360,0.144480
966,44.061908,146.599600,15.0000,0.034052,0.144136
967,43.434597,147.010674,15.0000,0.034035,0.143910
968,42.803425,147.415793,15.0000,0.033999,0.143737
969,42.168450,147.814925,15.0000,0.033970,0.143613
970,41.529732,148.208040,15.0000,0.033945,0.143531
971,40.887331,148.595108,15.0000,0.033923,0.143486
972,40.241308,148.976099,15.0000,0.033905,0.143471
973,39.591723,149.350984,15.0000,0.033890,0.143482
974,38.938634,149.719732,15.0000,0.033876,0.143516
975,38.282101,150.082313,15.0000,0.033865,0.143570
976,37.622185,150.438697,15.0000,0.033855,0.143639
977,36.958944,150.788856,15.0000,0.033847,0.143723
978,36.292438,151.132760,15.0000,0.033840,0.143819
979,35.622727,151.470380,15.0000,0.033834,0.143925
980,34.949870,151.801687,15.0000,0.033829,0.144040
981,34.273929,152.126654,15.0000,0.033824,0.144162
982,33.594963,152.445252,15.0000,0.031494,0.144276
983,32.913032,152.757455,15.0000,0.034363,0.144408
984,32.228395,153.063677,15.0000,0.034055,0.144061
985,31.540865,153.363349,15.0000,0.034037,0.143831
986,30.850531,153.656500,15.0000,0.034001,0.143655
987,30.157454,153.943109,15.0000,0.033971,0.143529
988,29.461700,154.223157,15.0000,0.033946,0.143446
989,28.763334,154.496625,15.0000,0.033924,0.143398
990,28.062419,154.763493,15.0000,0.033906,0.143382
991,27.359020,155.023741,15.0000,0.033890,0.143392
992,26.653200,155.277351,15.0000,0.033877,0.143425
993,25.945023,155.524303,15.0000,0.033866,0.143477
994,25.234552,155.764576,15.0000,0.033856,0.143546
995,24.521852,155.998154,15.0000,0.033847,0.143629
996,23.806985,156.225016,15.0000,0.033840,0.143724
997,23.090017,156.445144,15.0000,0.033834,0.143830
998,22.371011,156.658520,15.0000,0.033829,0.143944
999,21.650030,156.865127,15.0000,0.033825,0.144067
1000,20.927138,157.064948,15.0000,0.033821,0.144195
1001,20.202401,157.257965,15.0000,0.031491,0.144313
1002,19.475881,157.444162,15.0000,0.034360,0.144450
1003,18.747760,157.623995,15.0000,0.034052,0.144107
1004,18.017955,157.796867,15.0000,0.034035,0.143881
1005,17.286548,157.962826,15.0000,0.033999,0.143707
1006,16.553603,158.121860,15.0000,0.033970,0.143584
1007,15.819188,158.273962,15.0000,0.033945,0.143502
1008,15.083370,158.419125,15.0000,0.033923,0.143457
1009,14.346216,158.557341,15.0000,0.033905,0.143442
1010,13.607792,158.688602,15.0000,0.033890,0.143453
1011,12.868163,158.812900,15.0000,0.033876,0.143487
1012,12.127397,158.930227,15.0000,0.033865,0.143541
1013,11.385559,159.040575,15.0000,0.033855,0.143610
1014,10.642716,159.143938,15.0000,0.033847,0.143694
1015,9.898933,159.240307,15.0000,0.033840,0.143790
1016,9.154277,159.329677,15.0000,0.033834,0.143896
1017,8.408813,159.412041,15.0000,0.033829,0.144011
1018,7.662608,159.487392,15.0000,0.033824,0.144133
1019,6.915727,159.555725,15.0000,0.033821,0.144262
1020,6.168238,159.617035,15.0000,0.031491,0.144380
1021,5.420205,159.671318,15.0000,0.034360,0.144517
1022,4.671725,159.719053,15.0000,0.034052,0.144174
1023,3.922824,159.759639,15.0000,0.034035,0.143948
1024,3.173573,159.793137,15.0000,0.033999,0.143775
1025,2.424038,159.819547,15.0000,0.033970,0.143651
1026,1.674287,159.838875,15.0000,0.033945,0.143570
1027,0.924387,159.851124,15.0000,0.033923,0.143525
1028,0.174405,159.856299,15.0000,0.033905,0.143510
1029,-0.575593,159.854405,15.0000,0.033890,0.143521
1030,-1.325539,159.845444,15.0000,0.033876,0.143555
1031,-2.075368,159.829421,15.0000,0.033865,0.143608
1032,-2.825013,159.806341,15.0000,0.033855,0.143678
1033,-3.574407,159.776207,15.0000,0.033847,0.143762
1034,-4.323485,159.739024,15.0000,0.033840,0.143858
1035,-5.072180,159.694797,15.0000,0.033834,0.143964
1036,-5.820426,159.643532,15.0000,0.033829,0.144079
1037,-6.568157,159.585235,15.0000,0.033825,0.144201
1038,-7.315306,159.519911,15.0000,0.031494,0.144314
1039,-8.061809,159.447567,15.0000,0.034363,0.144447
1040,-8.807650,159.368694,15.0000,0.034055,0.144100
1041,-9.552704,159.282702,15.0000,0.034037,0.143870
1042,-10.296911,159.189663,15.0000,0.034001,0.143694
1043,-11.040205,159.089589,15.0000,0.033971,0.143568
1044,-11.782519,158.982498,15.0000,0.033946,0.143485
1045,-12.523790,158.868403,15.0000,0.033925,0.143437
1046,-13.263952,158.747322,15.0000,0.033906,0.143421
1047,-14.002939,158.619268,15.0000,0.033890,0.143431
1048,-14.740687,158.484257,15.0000,0.033877,0.143464
1049,-15.477131,158.342305,15.0000,0.033866,0.143516
1050,-16.212206,158.193426,15.0000,0.033856,0.143585
1051,-16.945847,158.037636,15.0000,0.033847,0.143668
1052,-17.677990,157.874951,15.0000,0.033840,0.143763
1053,-18.408571,157.705388,15.0000,0.033834,0.143869
1054,-19.137525,157.528961,15.0000,0.033829,0.143983
1055,-19.864788,157.345689,15.0000,0.033825,0.144105
1056,-20.590296,157.155589,15.0000,0.033821,0.144234
1057,-21.313985,156.958677,15.0000,0.031491,0.144351
1058,-22.035792,156.754973,15.0000,0.034360,0.144489
1059,-22.755788,156.544961,15.0000,0.034052,0.144145
1060,-23.473746,156.328084,15.0000,0.034035,0.143919
1061,-24.189620,156.104422,15.0000,0.033999,0.143746
1062,-24.903347,155.874001,15.0000,0.033970,0.143622
1063,-25.614865,155.636846,15.0000,0.033945,0.143541
1064,-26.324112,155.392985,15.0000,0.033923,0.143495
1065,-27.031028,155.142446,15.0000,0.033905,0.143480
1066,-27.735551,154.885253,15.0000,0.033890,0.143492
1067,-28.437619,154.621435,15.0000,0.033876,0.143526
1068,-29.137171,154.351016,15.0000,0.033865,0.143579
1069,-29.834147,154.074024,15.0000,0.033855,0.143649
1070,-30.528486,153.790486,15.0000,0.033847,0.143732
1071,-31.220126,153.500428,15.0000,0.033840,0.143828
1072,-31.909008,153.203877,15.0000,0.033834,0.143934
1073,-32.595070,152.900862,15.0000,0.033829,0.144049
1074,-33.278254,152.591410,15.0000,0.033824,0.144172
1075,-33.958498,152.275549,15.0000,0.031494,0.144285
1076,-34.635743,151.953309,15.0000,0.034363,0.144418
1077,-35.310142,151.625155,15.0000,0.034055,0.144070
1078,-35.981378,151.290575,15.0000,0.034037,0.143841
1079,-36.649417,150.949659,15.0000,0.034001,0.143665
1080,-37.314201,150.602439,15.0000,0.033971,0.143539
1081,-37.975675,150.248954,15.0000,0.033946,0.143455
1082,-38.633783,149.889240,15.0000,0.033925,0.143408
1083,-39.288469,149.523334,15.0000,0.033906,0.143391
1084,-39.939676,149.151273,15.0000,0.033890,0.143402
1085,-40.587348,148.773093,15.0000,0.033877,0.143434
1086,-41.231431,148.388830,15.0000,0.033866,0.143487
1087,-41.871867,147.998521,15.0000,0.033856,0.143555
1088,-42.508602,147.602203,15.0000,0.033847,0.143638
1089,-43.141581,147.199911,15.0000,0.033840,0.143734
1090,-43.770747,146.791684,15.0000,0.033834,0.143839
1091,-44.396047,146.377559,15.0000,0.033829,0.143954
1092,-45.017426,145.957573,15.0000,0.033825,0.144076
1093,-45.634830,145.531764,15.0000,0.033821,0.144205
1094,-46.248204,145.100171,15.0000,0.031491,0.144322
1095,-46.857494,144.662833,15.0000,0.034360,0.144460
1096,-47.462935,144.220180,15.0000,0.034052,0.144116
1097,-48.064121,143.771766,15.0000,0.034035,0.143890
1098,-48.661037,143.317683,15.0000,0.033999,0.143717
1099,-49.253632,142.857975,15.0000,0.033970,0.143593
1100,-49.841857,142.392689,15.0000,0.033945,0.143512
1101,-50.425664,141.921872,15.0000,0.033923,0.143466
1102,-51.005004,141.445568,15.0000,0.033905,0.143451
1103,-51.579829,140.963824,15.0000,0.033890,0.143463
1104,-52.150089,140.476686,15.0000,0.033876,0.143497
1105,-52.715736,139.984199,15.0000,0.033865,0.143550
1106,-53.276722,139.486410,15.0000,0.033855,0.143619
1107,-53.832999,138.983363,15.0000,0.033847,0.143703
1108,-54.384519,138.475105,15.0000,0.033840,0.143799
1109,-54.931233,137.961682,15.0000,0.033834,0.143905
1110,-55.473096,137.443141,15.0000,0.033829,0.144020
1111,-56.010060,136.919529,15.0000,0.033824,0.144142
1112,-56.542078,136.390892,15.0000,0.033821,0.144271
1113,-57.069103,135.857278,15.0000,0.031491,0.144389
1114,-57.591091,135.318734,15.0000,0.034360,0.144526
1115,-58.108345,134.775644,15.0000,0.034052,0.144183
1116,-58.620391,134.227639,15.0000,0.034035,0.143957
1117,-59.127229,133.674814,15.0000,0.033999,0.143784
1118,-59.628815,133.117219,15.0000,0.033970,0.143661
1119,-60.125111,132.554911,15.0000,0.033945,0.143579
1120,-60.616077,131.987944,15.0000,0.033923,0.143534
1121,-61.101673,131.416370,15.0000,0.033905,0.143519
1122,-61.581859,130.840244,15.0000,0.033890,0.143530
1123,-62.056596,130.259620,15.0000,0.033876,0.143564
1124,-62.525845,129.674550,15.0000,0.033865,0.143618
1125,-62.989564,129.085090,15.0000,0.033855,0.143687
1126,-63.447717,128.491291,15.0000,0.033847,0.143771
1127,-63.900262,127.893209,15.0000,0.033840,0.143867
1128,-64.347163,127.290897,15.0000,0.033834,0.143973
1129,-64.788380,126.684409,15.0000,0.033829,0.144088
1130,-65.223875,126.073799,15.0000,0.033825,0.144210
1131,-65.653611,125.459123,15.0000,0.031494,0.144323
1132,-66.077550,124.840435,15.0000,0.034363,0.144456
1133,-66.496060,124.218060,15.0000,0.034055,0.144109
1134,-66.908607,123.591718,15.0000,0.034037,0.143879
1135,-67.315208,122.961499,15.0000,0.034001,0.143703
1136,-67.715831,122.327463,15.0000,0.033971,0.143577
1137,-68.110445,121.689670,15.0000,0.033946,0.143494
1138,-68.499020,121.048181,15.0000,0.033925,0.143446
1139,-68.881528,120.403054,15.0000,0.033906,0.143430
1140,-69.257937,119.754351,15.0000,0.033890,0.143440
1141,-69.628217,119.102129,15.0000,0.033877,0.143473
1142,-69.992338,118.446450,15.0000,0.033866,0.143525
1143,-70.350271,117.787372,15.0000,0.033856,0.143594
1144,-70.701986,117.124954,15.0000,0.033847,0.143677
1145,-71.047453,116.459257,15.0000,0.033840,0.143772
1146,-71.386643,115.790341,15.0000,0.033834,0.143878
1147,-71.719529,115.118264,15.0000,0.033829,0.143992
1148,-72.046081,114.443087,15.0000,0.033825,0.144114
1149,-72.366272,113.764870,15.0000,0.033821,0.144243
1150,-72.680073,113.083674,15.0000,0.031491,0.144360
1151,-72.987459,112.399559,15.0000,0.034360,0.144498
1152,-73.288847,111.712780,15.0000,0.034052,0.144154
1153,-73.583664,111.023154,15.0000,0.034035,0.143928
1154,-73.871942,110.330770,15.0000,0.033999,0.143755
1155,-74.153659,109.635690,15.0000,0.033970,0.143631
1156,-74.428796,108.937980,15.0000,0.033945,0.143550
1157,-74.697335,108.237704,15.0000,0.033923,0.143504
1158,-74.959256,107.534926,15.0000,0.033905,0.143489
1159,-75.214541,106.829710,15.0000,0.033890,0.143501
1160,-75.463171,106.122120,15.0000,0.033876,0.143535
1161,-75.705125,105.412220,15.0000,0.033865,0.143588
1162,-75.940387,104.700074,15.0000,0.033855,0.143657
1163,-76.168936,103.985745,15.0000,0.033847,0.143741
1164,-76.390755,103.269298,15.0000,0.033840,0.143837
1165,-76.605826,102.550797,15.0000,0.033834,0.143943
1166,-76.814131,101.830305,15.0000,0.033829,0.144058
1167,-77.015652,101.107886,15.0000,0.033825,0.144181
1168,-77.210374,100.383604,15.0000,0.031494,0.144294
1169,-77.398280,99.657525,15.0000,0.034363,0.144426
1170,-77.579824,98.929829,15.0000,0.034055,0.144079
1171,-77.754411,98.200432,15.0000,0.034037,0.143849
1172,-77.922089,97.469416,15.0000,0.034001,0.143673
1173,-78.082844,96.736847,15.0000,0.033971,0.143547
1174,-78.236671,96.002792,15.0000,0.033946,0.143464
1175,-78.383561,95.267317,15.0000,0.033925,0.143417
1176,-78.523508,94.530489,15.0000,0.033906,0.143400
1177,-78.656502,93.792375,15.0000,0.033890,0.143410
1178,-78.782536,93.053040,15.0000,0.033877,0.143443
1179,-78.901601,92.312552,15.0000,0.033866,0.143495
1180,-79.013691,91.570975,15.0000,0.033856,0.143564
1181,-79.118797,90.828376,15.0000,0.033847,0.143647
1182,-79.216911,90.084822,15.0000,0.033840,0.143742
1183,-79.308029,89.340377,15.0000,0.033834,0.143848
1184,-79.392141,88.595109,15.0000,0.033829,0.143963
1185,-79.469243,87.849083,15.0000,0.033825,0.144085
1186,-79.539329,87.102364,15.0000,0.033821,0.144213
1187,-79.602393,86.355021,15.0000,0.031491,0.144331
1188,-79.658431,85.607117,15.0000,0.034360,0.144468
1189,-79.707922,84.858752,15.0000,0.034052,0.144125
1190,-79.750265,84.109948,15.0000,0.034035,0.143899
1191,-79.785521,83.360777,15.0000,0.033999,0.143725
1192,-79.813689,82.611306,15.0000,0.033970,0.143602
1193,-79.834776,81.861603,15.0000,0.033945,0.143520
1194,-79.848785,81.111733,15.0000,0.033923,0.143475
1195,-79.855720,80.361766,15.0000,0.033905,0.143460
1196,-79.855585,79.611766,15.0000,0.033890,0.143471
1197,-79.848384,78.861800,15.0000,0.033876,0.143505
1198,-79.834121,78.111936,15.0000,0.033865,0.143558
1199,-79.812799,77.362239,15.0000,0.033855,0.143628
1200,-79.784423,76.612776,15.0000,0.033847,0.143712
1201,-79.748998,75.863613,15.0000,0.033840,0.143808
1202,-79.706528,75.114816,15.0000,0.033834,0.143914
1203,-79.657019,74.366452,15.0000,0.033829,0.144029
1204,-79.600476,73.618587,15.0000,0.033824,0.144151
1205,-79.536905,72.871286,15.0000,0.033821,0.144280
1206,-79.466313,72.124615,15.0000,0.031491,0.144397
1207,-79.388707,71.378641,15.0000,0.034360,0.144535
1208,-79.304577,70.633375,15.0000,0.034052,0.144192
1209,-79.213334,69.888946,15.0000,0.034035,0.143966
1210,-79.115051,69.145413,15.0000,0.033999,0.143793
1211,-79.009741,68.402843,15.0000,0.033970,0.143669
1212,-78.897420,67.661302,15.0000,0.033945,0.143588
1213,-78.778104,66.920854,15.0000,0.033923,0.143542
1214,-78.651808,66.181564,15.0000,0.033905,0.143527
1215,-78.518550,65.443497,15.0000,0.033890,0.143539
1216,-78.378344,64.706719,15.0000,0.033876,0.143573
1217,-78.231205,63.971294,15.0000,0.033865,0.143626
1218,-78.077150,63.237286,15.0000,0.033855,0.143696
1219,-77.916194,62.504761,15.0000,0.033847,0.143780
1220,-77.748354,61.773782,15.0000,0.033840,0.143875
1221,-77.573647,61.044415,15.0000,0.033834,0.143982
1222,-77.392088,60.316722,15.0000,0.033829,0.144097
1223,-77.203696,59.590769,15.0000,0.033825,0.144219
1224,-77.008488,58.866618,15.0000,0.031494,0.144332
1225,-76.806483,58.144334,15.0000,0.034363,0.144465
1226,-76.598164,57.423846,15.0000,0.034055,0.144117
1227,-76.382975,56.705380,15.0000,0.034037,0.143888
1228,-76.160996,55.988982,15.0000,0.034001,0.143712
1229,-75.932252,55.274716,15.0000,0.033971,0.143586
1230,-75.696769,54.562643,15.0000,0.033946,0.143502
1231,-75.454575,53.852825,15.0000,0.033925,0.143455
1232,-75.205696,53.145323,15.0000,0.033906,0.143438
1233,-74.950158,52.440199,15.0000,0.033890,0.143449
1234,-74.687988,51.737513,15.0000,0.033877,0.143481
1235,-74.419212,51.037328,15.0000,0.033866,0.143534
1236,-74.143857,50.339704,15.0000,0.033856,0.143602
1237,-73.861949,49.644702,15.0000,0.033847,0.143685
1238,-73.573515,48.952382,15.0000,0.033840,0.143781
1239,-73.278582,48.262807,15.0000,0.033834,0.143886
1240,-72.977178,47.576035,15.0000,0.033829,0.144001
1241,-72.669330,46.892127,15.0000,0.033825,0.144123
1242,-72.355066,46.211144,15.0000,0.033821,0.144252
1243,-72.034416,45.533144,15.0000,0.031491,0.144369
1244,-71.707408,44.858188,15.0000,0.034360,0.144506
1245,-71.374506,44.186119,15.0000,0.034052,0.144163
1246,-71.035203,43.517260,15.0000,0.034035,0.143936
1247,-70.689586,42.851641,15.0000,0.033999,0.143763
1248,-70.337688,42.189320,15.0000,0.033970,0.143640
1249,-69.979550,41.530354,15.0000,0.033945,0.143558
1250,-69.615206,40.874798,15.0000,0.033924,0.143513
1251,-69.244696,40.222707,15.0000,0.033905,0.143498
1252,-68.868055,39.574139,15.0000,0.033890,0.143509
1253,-68.485319,38.929147,15.0000,0.033876,0.143543
1254,-68.096527,38.287789,15.0000,0.033865,0.143596
1255,-67.701715,37.650119,15.0000,0.033855,0.143666
1256,-67.300919,37.016192,15.0000,0.033847,0.143750
1257,-66.894178,36.386064,15.0000,0.033840,0.143845
1258,-66.481527,35.759790,15.0000,0.033834,0.143951
1259,-66.063006,35.137423,15.0000,0.033829,0.144066
1260,-65.638652,34.519019,15.0000,0.033825,0.144189
1261,-65.208503,33.904632,15.0000,0.031494,0.144302
1262,-64.772599,33.294314,15.0000,0.034363,0.144435
1263,-64.331370,32.687835,15.0000,0.034055,0.144087
1264,-63.884371,32.085596,15.0000,0.034037,0.143858
1265,-63.431692,31.487615,15.0000,0.034001,0.143682
1266,-62.973377,30.893941,15.0000,0.033971,0.143556
1267,-62.509474,30.304625,15.0000,0.033946,0.143472
1268,-62.040029,29.719714,15.0000,0.033925,0.143425
1269,-61.565087,29.139257,15.0000,0.033906,0.143408
1270,-61.084694,28.563304,15.0000,0.033890,0.143419
1271,-60.598896,27.991902,15.0000,0.033877,0.143451
1272,-60.107738,27.425100,15.0000,0.033866,0.143504
1273,-59.611266,26.862947,15.0000,0.033856,0.143573
1274,-59.109526,26.305491,15.0000,0.033847,0.143656
1275,-58.602564,25.752780,15.0000,0.033840,0.143751
1276,-58.090426,25.204862,15.0000,0.033834,0.143856
1277,-57.573158,24.661784,15.0000,0.033829,0.143971
1278,-57.050807,24.123593,15.0000,0.033825,0.144093
1279,-56.523420,23.590336,15.0000,0.033821,0.144222
1280,-55.991044,23.062060,15.0000,0.031491,0.144339
1281,-55.453726,22.538811,15.0000,0.034360,0.144477
1282,-54.911851,22.020283,15.0000,0.034052,0.144133
1283,-54.365049,21.506953,15.0000,0.034035,0.143907
1284,-53.813414,20.998820,15.0000,0.033999,0.143734
1285,-53.256998,20.495927,15.0000,0.033970,0.143610
1286,-52.695856,19.998313,15.0000,0.033945,0.143529
1287,-52.130042,19.506018,15.0000,0.033923,0.143483
1288,-51.559609,19.019083,15.0000,0.033905,0.143468
1289,-50.984611,18.537546,15.0000,0.033890,0.143480
1290,-50.405103,18.061448,15.0000,0.033876,0.143514
1291,-49.821136,17.590828,15.0000,0.033865,0.143567
1292,-49.232765,17.125727,15.0000,0.033855,0.143636
1293,-48.640043,16.666183,15.0000,0.033847,0.143720
1294,-48.043024,16.212235,15.0000,0.033840,0.143816
1295,-47.441762,15.763923,15.0000,0.033834,0.143922
1296,-46.836310,15.321284,15.0000,0.033829,0.144037
1297,-46.226724,14.884358,15.0000,0.033824,0.144159
1298,-45.613058,14.453181,15.0000,0.031494,0.144273
1299,-44.995366,14.027791,15.0000,0.034363,0.144406
1300,-44.373975,13.607823,15.0000,0.034055,0.144058
1301,-43.748602,13.193807,15.0000,0.034037,0.143828
1302,-43.119339,12.785728,15.0000,0.034001,0.143652
1303,-42.486245,12.383620,15.0000,0.033971,0.143527
1304,-41.849380,11.987510,15.0000,0.033946,0.143443
1305,-41.208803,11.597431,15.0000,0.033924,0.143396
1306,-40.564576,11.213411,15.0000,0.033906,0.143379
1307,-39.916757,10.835481,15.0000,0.033890,0.143389
1308,-39.265407,10.463672,15.0000,0.033877,0.143422
1309,-38.610583,10.098013,15.0000,0.033866,0.143474
1310,-37.952347,9.738535,15.0000,0.033856,0.143543
1311,-37.290756,9.385267,15.0000,0.033847,0.143626
1312,-36.625872,9.038239,15.0000,0.033840,0.143722
1313,-35.957753,8.697480,15.0000,0.033834,0.143827
1314,-35.286459,8.363018,15.0000,0.033829,0.143942
1315,-34.612050,8.034883,15.0000,0.033825,0.144064
1316,-33.934586,7.713102,15.0000,0.033821,0.144192
1317,-33.254128,7.397703,15.0000,0.031491,0.144310
1318,-32.570736,7.088713,15.0000,0.034360,0.144448
1319,-31.884666,6.785714,15.0000,0.034052,0.144104
1320,-31.195734,6.489280,15.0000,0.034035,0.143878
1321,-30.504028,6.199379,15.0000,0.033999,0.143705
1322,-29.809611,5.916032,15.0000,0.033970,0.143581
1323,-29.112548,5.639259,15.0000,0.033945,0.143500
1324,-28.412904,5.369078,15.0000,0.033923,0.143454
1325,-27.710742,5.105508,15.0000,0.033905,0.143439
1326,-27.006127,4.848569,15.0000,0.033890,0.143451
1327,-26.299123,4.598280,15.0000,0.033876,0.143485
1328,-25.589793,4.354660,15.0000,0.033865,0.143538
1329,-24.878200,4.117729,15.0000,0.033855,0.143607
1330,-24.164410,3.887504,15.0000,0.033847,0.143691
1331,-23.448486,3.664005,15.0000,0.033840,0.143787
1332,-22.730490,3.447249,15.0000,0.033834,0.143893
1333,-22.010489,3.237254,15.0000,0.033829,0.144008
1334,-21.288545,3.034038,15.0000,0.033824,0.144130
1335,-20.564722,2.837617,15.0000,0.033821,0.144259
1336,-19.839086,2.648008,15.0000,0.031491,0.144377
1337,-19.111699,2.465228,15.0000,0.034360,0.144515
1338,-18.382741,2.288819,15.0000,0.034052,0.144171
1339,-17.652132,2.119378,15.0000,0.034035,0.143945
1340,-16.919952,1.956859,15.0000,0.033999,0.143772
1341,-16.186268,1.801271,15.0000,0.033970,0.143649
1342,-15.451146,1.652622,15.0000,0.033945,0.143567
1343,-14.714655,1.510919,15.0000,0.033923,0.143522
1344,-13.976859,1.376169,15.0000,0.033905,0.143507
1345,-13.237826,1.248380,15.0000,0.033890,0.143518
1346,-12.497622,1.127559,15.0000,0.033876,0.143552
1347,-11.756312,1.013715,15.0000,0.033865,0.143606
1348,-11.013964,0.906854,15.0000,0.033855,0.143675
1349,-10.270643,0.806984,15.0000,0.033847,0.143759
1350,-9.526416,0.714110,15.0000,0.033840,0.143855
1351,-8.781348,0.628241,15.0000,0.033834,0.143961
1352,-8.035505,0.549382,15.0000,0.033829,0.144076
1353,-7.288954,0.477539,15.0000,0.033825,0.144199
1354,-6.541760,0.412716,15.0000,0.031494,0.144311
1355,-5.793991,0.354920,15.0000,0.032021,0.144444
1356,-5.045744,0.303669,15.0000,-0.002761,0.144097
1357,-4.297071,0.259078,15.0000,0.000167,0.143379
1358,-3.548432,0.213913,15.0000,-0.000004,0.135042
1359,-2.799791,0.168783,15.0000,-0.000000,0.119699
1360,-2.051150,0.123652,15.0000,-0.000000,0.097318
1361,-1.302509,0.078521,15.0000,-0.000000,0.067907
1362,-0.553868,0.033389,15.0000,-0.000000,0.031472
1363,0.194773,-0.011742,15.0000,0.100000,-0.011977
1364,0.943414,-0.056873,15.0000,0.200000,-0.062427
1365,1.693021,-0.081124,15.0000,0.222724,-0.099011
1366,2.442806,-0.063150,15.0000,0.122724,-0.100397
1367,3.189977,0.001928,15.0000,0.022724,-0.061652
1368,3.934481,0.092562,15.0000,-0.077276,-0.004246
1369,4.678397,0.187894,15.0000,-0.082392,0.050891
1370,5.424192,0.267205,15.0000,0.017608,0.082914
1371,6.171610,0.329390,15.0000,0.049644,0.090708
1372,6.918714,0.395229,15.0000,0.026866,0.095131
1373,7.664839,0.471374,15.0000,0.029737,0.102867
1374,8.410374,0.553085,15.0000,0.030149,0.109161
1375,9.155209,0.640954,15.0000,0.030688,0.114611
1376,9.899282,0.735059,15.0000,0.028978,0.119303
1377,10.642525,0.835506,15.0000,0.031996,0.123349
1378,11.384935,0.941934,15.0000,0.032047,0.126392
1379,12.126370,1.054958,15.0000,0.032319,0.129061
1380,12.866769,1.174580,15.0000,0.030288,0.131350
1381,13.606064,1.300846,15.0000,0.033228,0.133346
1382,14.344270,1.433329,15.0000,0.033094,0.134610
1383,15.081221,1.572623,15.0000,0.033216,0.135757
1384,15.816861,1.718688,15.0000,0.033299,0.136758
1385,16.551120,1.871536,15.0000,0.033372,0.137638
1386,17.283934,2.031173,15.0000,0.033433,0.138415
1387,18.015236,2.197597,15.0000,0.033486,0.139103
1388,18.744961,2.370809,15.0000,0.033532,0.139716
1389,19.473042,2.550803,15.0000,0.033570,0.140264
1390,20.199414,2.737574,15.0000,0.033603,0.140757
1391,20.924013,2.931112,15.0000,0.033632,0.141203
1392,21.646772,3.131408,15.0000,0.033656,0.141609
1393,22.367629,3.338450,15.0000,0.033676,0.141980
1394,23.086517,3.552224,15.0000,0.033694,0.142322
1395,23.803373,3.772717,15.0000,0.033709,0.142638
1396,24.518134,3.999911,15.0000,0.033722,0.142933
1397,25.230735,4.233791,15.0000,0.033733,0.143210
1398,25.941113,4.474337,15.0000,0.033743,0.143471
1399,26.649206,4.721533,15.0000,0.031429,0.143701
1400,27.354949,4.975356,15.0000,0.034301,0.143936
1401,28.058449,5.235334,15.0000,0.034002,0.143676
1402,28.759438,5.502004,15.0000,0.033993,0.143522
1403,29.457877,5.775287,15.0000,0.033962,0.143410
1404,30.153703,6.055154,15.0000,0.033939,0.143338
1405,30.846857,6.341576,15.0000,0.033918,0.143302
1406,31.537279,6.634523,15.0000,0.033901,0.143294
1407,32.224909,6.933963,15.0000,0.033886,0.143312
1408,32.909688,7.239868,15.0000,0.033873,0.143352
1409,33.591556,7.552208,15.0000,0.033862,0.143410
1410,34.270454,7.870952,15.0000,0.033853,0.143483
1411,34.946323,8.196070,15.0000,0.033845,0.143571
1412,35.619103,8.527531,15.0000,0.033838,0.143669
1413,36.288736,8.865305,15.0000,0.033832,0.143778
1414,36.955164,9.209361,15.0000,0.033828,0.143895
1415,37.618327,9.559667,15.0000,0.033823,0.144019
1416,38.278169,9.916191,15.0000,0.033820,0.144150
1417,38.934630,10.278901,15.0000,0.031491,0.144270
1418,39.587653,10.647764,15.0000,0.034360,0.144408
1419,40.237424,11.022328,15.0000,0.034051,0.144066
1420,40.883589,11.403078,15.0000,0.034035,0.143841
1421,41.526123,11.789925,15.0000,0.033998,0.143669
1422,42.164969,12.182832,15.0000,0.033969,0.143546
1423,42.800074,12.581757,15.0000,0.033944,0.143465
1424,43.431386,12.986659,15.0000,0.033923,0.143420
1425,44.058850,13.397498,15.0000,0.033905,0.143406
1426,44.682414,13.814234,15.0000,0.033889,0.143417
1427,45.302023,14.236826,15.0000,0.033876,0.143452
1428,45.917626,14.665234,15.0000,0.033865,0.143505
1429,46.529168,15.099418,15.0000,0.033855,0.143575
1430,47.136598,15.539338,15.0000,0.033847,0.143659
1431,47.739862,15.984952,15.0000,0.033840,0.143755
1432,48.338908,16.436221,15.0000,0.033834,0.143861
1433,48.933684,16.893104,15.0000,0.033829,0.143976
1434,49.524138,17.355557,15.0000,0.033824,0.144099
1435,50.110219,17.823541,15.0000,0.033821,0.144228
1436,50.691876,18.297013,15.0000,0.031491,0.144346
1437,51.269057,18.775931,15.0000,0.034360,0.144484
1438,51.842026,19.259880,15.0000,0.034052,0.144140
1439,52.410347,19.749279,15.0000,0.034035,0.143914
1440,52.974012,20.244033,15.0000,0.033999,0.143741
1441,53.532973,20.744096,15.0000,0.033970,0.143618
1442,54.087184,21.249417,15.0000,0.033945,0.143537
1443,54.636601,21.759948,15.0000,0.033923,0.143491
1444,55.181177,22.275638,15.0000,0.033905,0.143476
1445,55.720868,22.796439,15.0000,0.033890,0.143488
1446,56.255629,23.322301,15.0000,0.033876,0.143522
1447,56.785413,23.853176,15.0000,0.033865,0.143575
1448,57.310177,24.389015,15.0000,0.033855,0.143645
1449,57.829875,24.929768,15.0000,0.033847,0.143729
1450,58.344462,25.475387,15.0000,0.033840,0.143824
1451,58.853895,26.025821,15.0000,0.033834,0.143931
1452,59.358130,26.581022,15.0000,0.033829,0.144046
1453,59.857123,27.140938,15.0000,0.033824,0.144168
1454,60.350830,27.705521,15.0000,0.031494,0.144281
1455,60.839208,28.274719,15.0000,0.034363,0.144414
1456,61.322587,28.848169,15.0000,0.034055,0.144067
1457,61.800468,29.426208,15.0000,0.034037,0.143837
1458,62.272857,30.008745,15.0000,0.034001,0.143661
1459,62.739716,30.595723,15.0000,0.033971,0.143535
1460,63.201007,31.187085,15.0000,0.033946,0.143452
1461,63.656696,31.782776,15.0000,0.033924,0.143404
1462,64.106745,32.382739,15.0000,0.033906,0.143388
1463,64.551119,32.986918,15.0000,0.033890,0.143398
1464,64.989780,33.595257,15.0000,0.033877,0.143431
1465,65.422693,34.207700,15.0000,0.033866,0.143483
1466,65.849822,34.824191,15.0000,0.033856,0.143552
1467,66.271130,35.444675,15.0000,0.033847,0.143635
1468,66.686581,36.069094,15.0000,0.033840,0.143730
1469,67.096142,36.697394,15.0000,0.033834,0.143836
1470,67.499776,37.329517,15.0000,0.033829,0.143950
1471,67.897449,37.965407,15.0000,0.033825,0.144072
1472,68.289127,38.605007,15.0000,0.033821,0.144201
1473,68.674776,39.248260,15.0000,0.031491,0.144319
1474,69.054363,39.895109,15.0000,0.034360,0.144456
1475,69.428274,40.545256,15.0000,0.034052,0.144113
1476,69.795961,41.198942,15.0000,0.034035,0.143886
1477,70.157447,41.856079,15.0000,0.033999,0.143713
1478,70.512701,42.516605,15.0000,0.033970,0.143590
1479,70.861698,43.180458,15.0000,0.033945,0.143508
1480,71.204414,43.847575,15.0000,0.033923,0.143463
1481,71.540821,44.517896,15.0000,0.033905,0.143448
1482,71.870895,45.191358,15.0000,0.033890,0.143459
1483,72.194609,45.867900,15.0000,0.033876,0.143493
1484,72.511938,46.547461,15.0000,0.033865,0.143546
1485,72.822855,47.229979,15.0000,0.033855,0.143616
1486,73.127336,47.915392,15.0000,0.033847,0.143700
1487,73.425355,48.603639,15.0000,0.033840,0.143796
1488,73.716888,49.294659,15.0000,0.033834,0.143902
1489,74.001910,49.988390,15.0000,0.033829,0.144017
1490,74.280397,50.684770,15.0000,0.033824,0.144139
1491,74.552326,51.383737,15.0000,0.033821,0.144268
1492,74.817673,52.085229,15.0000,0.031491,0.144385
1493,75.076415,52.789184,15.0000,0.034360,0.144523
1494,75.328988,53.495376,15.0000,0.034052,0.144180
1495,75.574806,54.203947,15.0000,0.034035,0.143954
1496,75.813908,54.914813,15.0000,0.033999,0.143781
1497,76.046277,55.627908,15.0000,0.033970,0.143657
1498,76.271898,56.343167,15.0000,0.033945,0.143576
1499,76.490758,57.060524,15.0000,0.033923,0.143530
1500,76.702841,57.779913,15.0000,0.033905,0.143516
1501,76.908133,58.501269,15.0000,0.033890,0.143527
1502,77.106620,59.224528,15.0000,0.033876,0.143561
1503,77.298287,59.949623,15.0000,0.033865,0.143614
1504,77.483120,60.676491,15.0000,0.033855,0.143684
1505,77.661104,61.405066,15.0000,0.033847,0.143768
1506,77.832226,62.135283,15.0000,0.033840,0.143863
1507,77.996473,62.867078,15.0000,0.033834,0.143970
1508,78.153831,63.600384,15.0000,0.033829,0.144085
1509,78.304288,64.335138,15.0000,0.033825,0.144207
1510,78.447831,65.071273,15.0000,0.031494,0.144320
1511,78.584448,65.808725,15.0000,0.034363,0.144453
1512,78.714607,66.547345,15.0000,0.034055,0.144105
1513,78.837707,67.287174,15.0000,0.034037,0.143876
1514,78.953800,68.028134,15.0000,0.034001,0.143700
1515,79.062880,68.770159,15.0000,0.033971,0.143574
1516,79.164945,69.513182,15.0000,0.033946,0.143490
1517,79.259990,70.257135,15.0000,0.033925,0.143443
1518,79.348014,71.001952,15.0000,0.033906,0.143427
1519,79.429012,71.747565,15.0000,0.033890,0.143437
1520,79.502982,72.493909,15.0000,0.033877,0.143470
1521,79.569920,73.240916,15.0000,0.033866,0.143522
1522,79.629823,73.988519,15.0000,0.033856,0.143591
1523,79.682688,74.736654,15.0000,0.033847,0.143674
1524,79.728512,75.485253,15.0000,0.033840,0.143769
1525,79.767293,76.234249,15.0000,0.033834,0.143874
1526,79.799029,76.983578,15.0000,0.033829,0.143989
1527,79.823719,77.733171,15.0000,0.033825,0.144111
1528,79.841361,78.482964,15.0000,0.033821,0.144240
1529,79.851954,79.232889,15.0000,0.031491,0.144357
1530,79.855500,79.982881,15.0000,0.034360,0.144494
1531,79.852482,80.732874,15.0000,0.034052,0.144151
1532,79.842304,81.482805,15.0000,0.034035,0.143925
1533,79.825030,82.232606,15.0000,0.033999,0.143752
1534,79.800665,82.982211,15.0000,0.033970,0.143628
1535,79.769220,83.731551,15.0000,0.033945,0.143546
1536,79.730702,84.480561,15.0000,0.033923,0.143501
1537,79.685121,85.229175,15.0000,0.033905,0.143486
1538,79.632485,85.977326,15.0000,0.033890,0.143497
1539,79.572802,86.724947,15.0000,0.033876,0.143531
1540,79.506082,87.471974,15.0000,0.033865,0.143585
1541,79.432332,88.218339,15.0000,0.033855,0.143654
1542,79.351562,88.963977,15.0000,0.033847,0.143738
1543,79.263781,89.708822,15.0000,0.033840,0.143834
1544,79.168998,90.452809,15.0000,0.033834,0.143940
1545,79.067224,91.195871,15.0000,0.033829,0.144055
1546,78.958467,91.937944,15.0000,0.033824,0.144177
1547,78.842740,92.678962,15.0000,0.031494,0.144290
1548,78.720053,93.418859,15.0000,0.034363,0.144423
1549,78.590896,94.157654,15.0000,0.034055,0.144076
1550,78.454689,94.895182,15.0000,0.034037,0.143846
1551,78.311510,95.631389,15.0000,0.034001,0.143670
1552,78.161374,96.366208,15.0000,0.033971,0.143544
1553,78.004301,97.099576,15.0000,0.033946,0.143461
1554,77.840313,97.831428,15.0000,0.033925,0.143413
1555,77.669429,98.561701,15.0000,0.033906,0.143397
1556,77.491668,99.290330,15.0000,0.033890,0.143407
1557,77.307049,100.017253,15.0000,0.033877,0.143440
1558,77.115594,100.742404,15.0000,0.033866,0.143492
1559,76.917320,101.465721,15.0000,0.033856,0.143561
1560,76.712248,102.187140,15.0000,0.033847,0.143644
1561,76.500398,102.906598,15.0000,0.033840,0.143739
1562,76.281791,103.624032,15.0000,0.033834,0.143845
1563,76.056447,104.339378,15.0000,0.033829,0.143959
1564,75.824388,105.052574,15.0000,0.033825,0.144081
1565,75.585634,105.763557,15.0000,0.033821,0.144210
1566,75.340208,106.472264,15.0000,0.031491,0.144328
1567,75.088133,107.178634,15.0000,0.034360,0.144465
1568,74.829886,107.882771,15.0000,0.034052,0.144122
1569,74.564928,108.584409,15.0000,0.034035,0.143895
1570,74.293342,109.283510,15.0000,0.033999,0.143722
1571,74.015157,109.980010,15.0000,0.033970,0.143599
1572,73.730403,110.673851,15.0000,0.033945,0.143517
1573,73.439113,111.364974,15.0000,0.033923,0.143472
1574,73.141317,112.053318,15.0000,0.033905,0.143457
1575,72.837045,112.738824,15.0000,0.033890,0.143468
1576,72.526328,113.421433,15.0000,0.033876,0.143502
1577,72.209197,114.101085,15.0000,0.033865,0.143555
1578,71.885681,114.777722,15.0000,0.033855,0.143625
1579,71.555813,115.451285,15.0000,0.033847,0.143709
1580,71.219622,116.121715,15.0000,0.033840,0.143804
1581,70.877141,116.788953,15.0000,0.033834,0.143910
1582,70.528400,117.452941,15.0000,0.033829,0.144025
1583,70.173433,118.113621,15.0000,0.033824,0.144148
1584,69.812270,118.770934,15.0000,0.033821,0.144277
1585,69.444945,119.424825,15.0000,0.031491,0.144394
1586,69.071491,120.075234,15.0000,0.034360,0.144532
1587,68.692360,120.722350,15.0000,0.034052,0.144188
1588,68.307067,121.365817,15.0000,0.034035,0.143962
1589,67.915703,122.005609,15.0000,0.033999,0.143789
1590,67.518305,122.641671,15.0000,0.033970,0.143666
1591,67.114916,123.273951,15.0000,0.033945,0.143585
1592,66.705577,123.902394,15.0000,0.033923,0.143539
1593,66.290327,124.526949,15.0000,0.033905,0.143524
1594,65.869209,125.147561,15.0000,0.033890,0.143536
1595,65.442263,125.764178,15.0000,0.033876,0.143570
1596,65.009528,126.376747,15.0000,0.033865,0.143623
1597,64.571046,126.985215,15.0000,0.033855,0.143693
1598,64.126858,127.589530,15.0000,0.033847,0.143776
1599,63.677004,128.189639,15.0000,0.033840,0.143872
1600,63.221525,128.785491,15.0000,0.033834,0.143978
1601,62.760464,129.377034,15.0000,0.033829,0.144093
1602,62.293861,129.964215,15.0000,0.033825,0.144216
1603,61.821760,130.546985,15.0000,0.031494,0.144329
1604,61.344201,131.125291,15.0000,0.034363,0.144462
1605,60.861601,131.699396,15.0000,0.034055,0.144114
1606,60.373540,132.268866,15.0000,0.034037,0.143884
1607,59.880112,132.833692,15.0000,0.034001,0.143708
1608,59.381363,133.393826,15.0000,0.033971,0.143582
1609,58.877345,133.949223,15.0000,0.033946,0.143499
1610,58.368106,134.499837,15.0000,0.033925,0.143452
1611,57.853696,135.045623,15.0000,0.033906,0.143435
1612,57.334164,135.586536,15.0000,0.033890,0.143445
1613,56.809559,136.122529,15.0000,0.033877,0.143478
1614,56.279929,136.653558,15.0000,0.033866,0.143530
1615,55.745323,137.179578,15.0000,0.033856,0.143599
1616,55.205791,137.700544,15.0000,0.033847,0.143682
1617,54.661382,138.216411,15.0000,0.033840,0.143777
1618,54.112145,138.727134,15.0000,0.033834,0.143883
1619,53.558129,139.232670,15.0000,0.033829,0.143998
1620,52.999385,139.732975,15.0000,0.033825,0.144120
1621,52.435963,140.228006,15.0000,0.033821,0.144248
1622,51.867912,140.717719,15.0000,0.031491,0.144366
1623,51.295285,141.202072,15.0000,0.034360,0.144503
1624,50.718440,141.681395,15.0000,0.034052,0.144159
1625,50.137046,142.155189,15.0000,0.034035,0.143933
1626,49.551194,142.623460,15.0000,0.033999,0.143760
1627,48.960940,143.086169,15.0000,0.033970,0.143637
1628,48.366341,143.543281,15.0000,0.033945,0.143555
1629,47.767453,143.994760,15.0000,0.033924,0.143509
1630,47.164333,144.440570,15.0000,0.033905,0.143495
1631,46.557037,144.880675,15.0000,0.033890,0.143506
1632,45.945622,145.315038,15.0000,0.033876,0.143540
1633,45.330144,145.743624,15.0000,0.033865,0.143593
1634,44.710658,146.166398,15.0000,0.033855,0.143663
1635,44.087221,146.583323,15.0000,0.033847,0.143747
1636,43.459890,146.994365,15.0000,0.033840,0.143842
1637,42.828720,147.399488,15.0000,0.033834,0.143948
1638,42.193768,147.798657,15.0000,0.033829,0.144063
1639,41.555092,148.191840,15.0000,0.033825,0.144186
1640,40.912748,148.579001,15.0000,0.031494,0.144299
1641,40.266793,148.960108,15.0000,0.034363,0.144432
1642,39.617528,149.335548,15.0000,0.034055,0.144084
1643,38.964707,149.704770,15.0000,0.034037,0.143855
1644,38.308422,150.067798,15.0000,0.034001,0.143679
1645,37.648732,150.424603,15.0000,0.033971,0.143553
1646,36.985701,150.775159,15.0000,0.033946,0.143469
1647,36.319390,151.119440,15.0000,0.033925,0.143422
1648,35.649861,151.457421,15.0000,0.033906,0.143405
1649,34.977175,151.789075,15.0000,0.033890,0.143416
1650,34.301395,152.114376,15.0000,0.033877,0.143448
1651,33.622581,152.433299,15.0000,0.033866,0.143501
1652,32.940795,152.745817,15.0000,0.033856,0.143569
1653,32.256098,153.051906,15.0000,0.033847,0.143652
1654,31.568552,153.351540,15.0000,0.033840,0.143748
1655,30.878218,153.644693,15.0000,0.033834,0.143853
1656,30.185158,153.931342,15.0000,0.033829,0.143968
1657,29.489434,154.211463,15.0000,0.033825,0.144090
1658,28.791107,154.485031,15.0000,0.033821,0.144219
1659,28.090239,154.752023,15.0000,0.031491,0.144336
1660,27.386893,155.012416,15.0000,0.034360,0.144474
1661,26.681296,155.266645,15.0000,0.034052,0.144130
1662,25.973303,155.514125,15.0000,0.034035,0.143904
1663,25.263001,155.754895,15.0000,0.033999,0.143731
1664,24.550453,155.988936,15.0000,0.033970,0.143607
1665,23.835725,156.216235,15.0000,0.033945,0.143526
1666,23.118884,156.436776,15.0000,0.033923,0.143480
1667,22.399994,156.650547,15.0000,0.033905,0.143465
1668,21.679122,156.857531,15.0000,0.033890,0.143477
1669,20.956331,157.057714,15.0000,0.033876,0.143510
1670,20.231687,157.251082,15.0000,0.033865,0.143564
1671,19.505254,157.437619,15.0000,0.033855,0.143633
1672,18.777099,157.617312,15.0000,0.033847,0.143717
1673,18.047285,157.790147,15.0000,0.033840,0.143813
1674,17.315878,157.956111,15.0000,0.033834,0.143919
1675,16.582943,158.115189,15.0000,0.033829,0.144034
1676,15.848544,158.267369,15.0000,0.033824,0.144156
1677,15.112748,158.412639,15.0000,0.033821,0.144285
1678,14.375618,158.550986,15.0000,0.031491,0.144403
1679,13.637221,158.682400,15.0000,0.034360,0.144540
1680,12.897702,158.807347,15.0000,0.034052,0.144197
1681,12.157024,158.925228,15.0000,0.034035,0.143971
1682,11.415264,159.036095,15.0000,0.033999,0.143798
1683,10.672488,159.139942,15.0000,0.033970,0.143674
1684,9.928764,159.236766,15.0000,0.033945,0.143593
1685,9.184159,159.326566,15.0000,0.033923,0.143547
1686,8.438741,159.409338,15.0000,0.033905,0.143533
1687,7.692575,159.485080,15.0000,0.033890,0.143544
1688,6.945729,159.553788,15.0000,0.033876,0.143578
1689,6.198269,159.615460,15.0000,0.033865,0.143631
1690,5.450262,159.670093,15.0000,0.033855,0.143701
1691,4.701773,159.717685,15.0000,0.033847,0.143785
1692,3.952870,159.758232,15.0000,0.033840,0.143881
1693,3.203619,159.791735,15.0000,0.033834,0.143987
1694,2.454085,159.818190,15.0000,0.033829,0.144102
1695,1.704336,159.837597,15.0000,0.033825,0.144224
1696,0.954438,159.849955,15.0000,0.031494,0.144337
1697,0.204457,159.855265,15.0000,0.034363,0.144470
1698,-0.545542,159.854011,15.0000,0.034055,0.144122
1699,-1.295495,159.845595,15.0000,0.034037,0.143893
1700,-2.045334,159.830083,15.0000,0.034001,0.143717
1701,-2.794994,159.807479,15.0000,0.033971,0.143591
1702,-3.544406,159.777793,15.0000,0.033946,0.143507
1703,-4.293504,159.741035,15.0000,0.033925,0.143460
1704,-5.042223,159.697211,15.0000,0.033906,0.143443
1705,-5.790495,159.646332,15.0000,0.033890,0.143454
1706,-6.538255,159.588405,15.0000,0.033877,0.143486
1707,-7.285436,159.523438,15.0000,0.033866,0.143539
1708,-8.031972,159.451440,15.0000,0.033856,0.143607
1709,-8.777798,159.372420,15.0000,0.033847,0.143691
1710,-9.522847,159.286387,15.0000,0.033840,0.143786
1711,-10.267054,159.193351,15.0000,0.033834,0.143891
1712,-11.010353,159.093320,15.0000,0.033829,0.144006
1713,-11.752679,158.986305,15.0000,0.033825,0.144128
1714,-12.493966,158.872317,15.0000,0.033821,0.144257
1715,-13.234149,158.751366,15.0000,0.031491,0.144374
1716,-13.973163,158.623465,15.0000,0.034360,0.144511
1717,-14.711029,158.489101,15.0000,0.034052,0.144168
1718,-15.447579,158.347699,15.0000,0.034035,0.143941
1719,-16.182757,158.199333,15.0000,0.033999,0.143768
1720,-16.916500,158.044020,15.0000,0.033970,0.143645
1721,-17.648742,157.881783,15.0000,0.033945,0.143563
1722,-18.379421,157.712640,15.0000,0.033924,0.143518
1723,-19.108471,157.536613,15.0000,0.033905,0.143503
1724,-19.835830,157.353722,15.0000,0.033890,0.143514
1725,-20.561433,157.163985,15.0000,0.033876,0.143548
1726,-21.285217,156.967424,15.0000,0.033865,0.143601
1727,-22.007119,156.764058,15.0000,0.033855,0.143671
1728,-22.727075,156.553907,15.0000,0.033847,0.143755
1729,-23.445022,156.336993,15.0000,0.033840,0.143850
1730,-24.160898,156.113336,15.0000,0.033834,0.143957
1731,-24.874638,155.882957,15.0000,0.033829,0.144071
1732,-25.586181,155.645877,15.0000,0.033825,0.144194
1733,-26.295464,155.402120,15.0000,0.031494,0.144307
1734,-27.002424,155.151706,15.0000,0.034363,0.144440
1735,-27.707166,154.895116,15.0000,0.034055,0.144092
1736,-28.409426,154.631807,15.0000,0.034037,0.143863
1737,-29.109163,154.361865,15.0000,0.034001,0.143687
1738,-29.806315,154.085316,15.0000,0.033971,0.143561
1739,-30.500823,153.802193,15.0000,0.033946,0.143477
1740,-31.192627,153.512527,15.0000,0.033925,0.143430
1741,-31.881668,153.216347,15.0000,0.033906,0.143413
1742,-32.567887,152.913686,15.0000,0.033890,0.143424
1743,-33.251223,152.604572,15.0000,0.033877,0.143456
1744,-33.931618,152.289036,15.0000,0.033866,0.143509
1745,-34.609013,151.967110,15.0000,0.033856,0.143578
1746,-35.283348,151.638823,15.0000,0.033847,0.143661
1747,-35.954564,151.304207,15.0000,0.033840,0.143756
1748,-36.622604,150.963292,15.0000,0.033834,0.143861
1749,-37.287409,150.616110,15.0000,0.033829,0.143976
1750,-37.948920,150.262694,15.0000,0.033825,0.144098
1751,-38.607079,149.903074,15.0000,0.033821,0.144227
1752,-39.261829,149.537284,15.0000,0.031491,0.144344
1753,-39.913113,149.165357,15.0000,0.034360,0.144482
1754,-40.561117,148.787745,15.0000,0.034052,0.144138
1755,-41.205486,148.403964,15.0000,0.034035,0.143912
1756,-41.846195,148.014102,15.0000,0.033999,0.143739
1757,-42.483187,147.618197,15.0000,0.033970,0.143615
1758,-43.116411,147.216293,15.0000,0.033945,0.143533
1759,-43.745813,146.808429,15.0000,0.033923,0.143488
1760,-44.371340,146.394646,15.0000,0.033905,0.143473
1761,-44.992938,145.974985,15.0000,0.033890,0.143485
1762,-45.610555,145.549486,15.0000,0.033876,0.143518
1763,-46.224138,145.118189,15.0000,0.033865,0.143572
1764,-46.833633,144.681136,15.0000,0.033855,0.143641
1765,-47.438989,144.238367,15.0000,0.033847,0.143725
1766,-48.040152,143.789922,15.0000,0.033840,0.143821
1767,-48.637071,143.335842,15.0000,0.033834,0.143927
1768,-49.229693,142.876170,15.0000,0.033829,0.144042
1769,-49.817967,142.410946,15.0000,0.033824,0.144164
1770,-50.401843,141.940213,15.0000,0.031494,0.144278
1771,-50.981268,141.464013,15.0000,0.034363,0.144410
1772,-51.556503,140.982760,15.0000,0.034055,0.144063
1773,-52.127117,140.496037,15.0000,0.034037,0.143833
1774,-52.693099,140.003935,15.0000,0.034001,0.143657
1775,-53.254402,139.506502,15.0000,0.033971,0.143531
1776,-53.810980,139.003788,15.0000,0.033946,0.143448
1777,-54.362787,138.495843,15.0000,0.033924,0.143400
1778,-54.909778,137.982715,15.0000,0.033906,0.143384
1779,-55.451908,137.464453,15.0000,0.033890,0.143394
1780,-55.989131,136.941106,15.0000,0.033877,0.143427
1781,-56.521401,136.412723,15.0000,0.033866,0.143479
1782,-57.048674,135.879354,15.0000,0.033856,0.143548
1783,-57.570904,135.341045,15.0000,0.033847,0.143631
1784,-58.088046,134.797848,15.0000,0.033840,0.143726
1785,-58.600057,134.249810,15.0000,0.033834,0.143832
1786,-59.106892,133.696982,15.0000,0.033829,0.143946
1787,-59.608506,133.139414,15.0000,0.033825,0.144069
1788,-60.104857,132.577154,15.0000,0.033821,0.144197
1789,-60.595901,132.010254,15.0000,0.031491,0.144315
1790,-61.081596,131.438764,15.0000,0.034360,0.144452
1791,-61.562271,130.863046,15.0000,0.034052,0.144109
1792,-62.037428,130.282765,15.0000,0.034035,0.143883
1793,-62.507072,129.698014,15.0000,0.033999,0.143709
1794,-62.971165,129.108847,15.0000,0.033970,0.143586
1795,-63.429671,128.515321,15.0000,0.033945,0.143504
1796,-63.882554,127.917494,15.0000,0.033923,0.143459
1797,-64.329777,127.315422,15.0000,0.033905,0.143444
1798,-64.771306,126.709161,15.0000,0.033890,0.143455
1799,-65.207102,126.098766,15.0000,0.033876,0.143489
1800,-65.637131,125.484295,15.0000,0.033865,0.143543
1801,-66.061357,124.865803,15.0000,0.033855,0.143612
1802,-66.479744,124.243346,15.0000,0.033847,0.143696
1803,-66.892256,123.616980,15.0000,0.033840,0.143792
1804,-67.298859,122.986763,15.0000,0.033834,0.143898
1805,-67.699517,122.352750,15.0000,0.033829,0.144013
1806,-68.094197,121.714998,15.0000,0.033824,0.144135
1807,-68.482865,121.073564,15.0000,0.033821,0.144264
1808,-68.865486,120.428505,15.0000,0.031491,0.144382
1809,-69.242028,119.779878,15.0000,0.034360,0.144519
1810,-69.612880,119.127982,15.0000,0.034052,0.144176
1811,-69.977491,118.472575,15.0000,0.034035,0.143950
1812,-70.335883,117.813746,15.0000,0.033999,0.143777
1813,-70.688029,117.151558,15.0000,0.033970,0.143653
1814,-71.033903,116.486072,15.0000,0.033945,0.143572
1815,-71.373479,115.817351,15.0000,0.033923,0.143527
1816,-71.706733,115.145457,15.0000,0.033905,0.143512
1817,-72.033638,114.470451,15.0000,0.033890,0.143523
1818,-72.354169,113.792395,15.0000,0.033876,0.143557
1819,-72.668300,113.111350,15.0000,0.033865,0.143610
1820,-72.976006,112.427379,15.0000,0.033855,0.143680
1821,-73.277263,111.740542,15.0000,0.033847,0.143764
1822,-73.572044,111.050902,15.0000,0.033840,0.143860
1823,-73.860326,110.358519,15.0000,0.033834,0.143966
1824,-74.142084,109.663456,15.0000,0.033829,0.144081
1825,-74.417295,108.965775,15.0000,0.033825,0.144203
1826,-74.685936,108.265538,15.0000,0.031494,0.144316
1827,-74.947983,107.562807,15.0000,0.034363,0.144449
1828,-75.203870,106.857809,15.0000,0.034055,0.144102
1829,-75.453013,106.150400,15.0000,0.034037,0.143872
1830,-75.695451,105.440665,15.0000,0.034001,0.143696
1831,-75.931166,104.728669,15.0000,0.033971,0.143570
1832,-76.160142,104.014477,15.0000,0.033946,0.143486
1833,-76.382367,103.298156,15.0000,0.033925,0.143439
1834,-76.597825,102.579770,15.0000,0.033906,0.143423
1835,-76.806501,101.859385,15.0000,0.033890,0.143433
1836,-77.008380,101.137066,15.0000,0.033877,0.143466
1837,-77.203448,100.412878,15.0000,0.033866,0.143518
1838,-77.391690,99.686886,15.0000,0.033856,0.143587
1839,-77.573092,98.959154,15.0000,0.033847,0.143670
1840,-77.747639,98.229748,15.0000,0.033840,0.143765
1841,-77.915318,97.498732,15.0000,0.033834,0.143871
1842,-78.076116,96.766172,15.0000,0.033829,0.143985
1843,-78.230019,96.032133,15.0000,0.033825,0.144107
1844,-78.377015,95.296679,15.0000,0.033821,0.144236
1845,-78.517092,94.559876,15.0000,0.031491,0.144353
1846,-78.650238,93.821789,15.0000,0.034360,0.144491
1847,-78.776920,93.082566,15.0000,0.034052,0.144147
1848,-78.896538,92.342166,15.0000,0.034035,0.143921
1849,-79.009145,91.600668,15.0000,0.033999,0.143748
1850,-79.114734,90.858138,15.0000,0.033970,0.143624
1851,-79.213303,90.114643,15.0000,0.033945,0.143543
1852,-79.304850,89.370252,15.0000,0.033923,0.143497
1853,-79.389371,88.625029,15.0000,0.033905,0.143482
1854,-79.466863,87.879043,15.0000,0.033890,0.143494
1855,-79.537323,87.132361,15.0000,0.033876,0.143528
1856,-79.600749,86.385047,15.0000,0.033865,0.143581
1857,-79.657137,85.637170,15.0000,0.033855,0.143651
1858,-79.706484,84.888795,15.0000,0.033847,0.143734
1859,-79.748789,84.139989,15.0000,0.033840,0.143830
1860,-79.784049,83.390819,15.0000,0.033834,0.143936
1861,-79.812263,82.641349,15.0000,0.033829,0.144051
1862,-79.833429,81.891648,15.0000,0.033824,0.144174
1863,-79.847546,81.141781,15.0000,0.031494,0.144287
1864,-79.854615,80.391814,15.0000,0.034363,0.144420
1865,-79.855121,79.641814,15.0000,0.034055,0.144072
1866,-79.848465,78.891844,15.0000,0.034037,0.143843
1867,-79.834712,78.141970,15.0000,0.034001,0.143667
1868,-79.813867,77.392260,15.0000,0.033971,0.143541
1869,-79.785940,76.642780,15.0000,0.033946,0.143457
1870,-79.750939,75.893597,15.0000,0.033925,0.143410
1871,-79.708872,75.144778,15.0000,0.033906,0.143393
1872,-79.659748,74.396388,15.0000,0.033890,0.143403
1873,-79.603576,73.648495,15.0000,0.033877,0.143436
1874,-79.540362,72.901164,15.0000,0.033866,0.143489
1875,-79.470116,72.154460,15.0000,0.033856,0.143557
1876,-79.392847,71.408451,15.0000,0.033847,0.143640
1877,-79.308562,70.663202,15.0000,0.033840,0.143736
1878,-79.217272,69.918779,15.0000,0.033834,0.143841
1879,-79.118985,69.175247,15.0000,0.033829,0.143956
1880,-79.013712,68.432672,15.0000,0.033825,0.144078
1881,-78.901464,67.691120,15.0000,0.033821,0.144206
1882,-78.782250,66.950655,15.0000,0.031491,0.144324
1883,-78.656083,66.211343,15.0000,0.034360,0.144462
1884,-78.523451,65.473164,15.0000,0.034052,0.144118
1885,-78.383777,64.736284,15.0000,0.034035,0.143892
1886,-78.237136,64.000760,15.0000,0.033999,0.143719
1887,-78.083546,63.266655,15.0000,0.033970,0.143595
1888,-77.923027,62.534034,15.0000,0.033945,0.143513
1889,-77.755599,61.802960,15.0000,0.033923,0.143468
1890,-77.581283,61.073499,15.0000,0.033905,0.143453
1891,-77.400099,60.345713,15.0000,0.033890,0.143465
1892,-77.212065,59.619667,15.0000,0.033876,0.143498
1893,-77.017203,58.895423,15.0000,0.033865,0.143552
1894,-76.815531,58.173046,15.0000,0.033855,0.143621
1895,-76.607071,57.452599,15.0000,0.033847,0.143705
1896,-76.391841,56.734145,15.0000,0.033840,0.143801
1897,-76.169865,56.017747,15.0000,0.033834,0.143907
1898,-75.941161,55.303468,15.0000,0.033829,0.144022
1899,-75.705752,54.591371,15.0000,0.033824,0.144144
1900,-75.463659,53.881518,15.0000,0.033821,0.144273
1901,-75.214905,53.173972,15.0000,0.031491,0.144391
1902,-74.959512,52.468795,15.0000,0.034360,0.144528
1903,-74.697959,51.765879,15.0000,0.034052,0.144185
1904,-74.429706,51.065494,15.0000,0.034035,0.143959
1905,-74.154838,50.367677,15.0000,0.033999,0.143786
1906,-73.873382,49.672492,15.0000,0.033970,0.143662
1907,-73.585371,48.979997,15.0000,0.033945,0.143581
1908,-73.290836,48.290251,15.0000,0.033923,0.143535
1909,-72.989807,47.603314,15.0000,0.033905,0.143521
1910,-72.682317,46.919246,15.0000,0.033890,0.143532
1911,-72.368396,46.238105,15.0000,0.033876,0.143566
1912,-72.048073,45.559950,15.0000,0.033865,0.143619
1913,-71.721382,44.884841,15.0000,0.033855,0.143689
1914,-71.388351,44.212836,15.0000,0.033847,0.143773
1915,-71.049013,43.543994,15.0000,0.033840,0.143869
1916,-70.703400,42.878373,15.0000,0.033834,0.143975
1917,-70.351543,42.216031,15.0000,0.033829,0.144090
1918,-69.993474,41.557027,15.0000,0.033825,0.144212
1919,-69.629226,40.901418,15.0000,0.031494,0.144325
1920,-69.258831,40.249261,15.0000,0.034363,0.144458
1921,-68.882744,39.600371,15.0000,0.034055,0.144110
1922,-68.500478,38.955102,15.0000,0.034037,0.143881
1923,-68.112123,38.313478,15.0000,0.034001,0.143705
1924,-67.717716,37.675557,15.0000,0.033971,0.143579
1925,-67.317300,37.041391,15.0000,0.033946,0.143495
1926,-66.910915,36.411033,15.0000,0.033925,0.143448
1927,-66.498602,35.784536,15.0000,0.033906,0.143432
1928,-66.080402,35.161954,15.0000,0.033890,0.143442
1929,-65.656354,34.543340,15.0000,0.033877,0.143475
1930,-65.226499,33.928747,15.0000,0.033866,0.143527
1931,-64.790878,33.318227,15.0000,0.033856,0.143596
1932,-64.349531,32.711834,15.0000,0.033847,0.143679
1933,-63.902498,32.109620,15.0000,0.033840,0.143774
1934,-63.449821,31.511637,15.0000,0.033834,0.143880
1935,-62.991541,30.917938,15.0000,0.033829,0.143994
1936,-62.527699,30.328573,15.0000,0.033825,0.144116
1937,-62.058337,29.743595,15.0000,0.033821,0.144245
1938,-61.583498,29.163054,15.0000,0.031491,0.144362
1939,-61.103223,28.587001,15.0000,0.034360,0.144500
1940,-60.617927,28.015173,15.0000,0.034052,0.144156
1941,-60.127192,27.448005,15.0000,0.034035,0.143930
1942,-59.631113,26.885506,15.0000,0.033999,0.143757
1943,-59.129736,26.327724,15.0000,0.033970,0.143633
1944,-58.623112,25.774703,15.0000,0.033945,0.143552
1945,-58.111290,25.226490,15.0000,0.033923,0.143506
1946,-57.594319,24.683128,15.0000,0.033905,0.143491
1947,-57.072250,24.144664,15.0000,0.033890,0.143503
1948,-56.545130,23.611143,15.0000,0.033876,0.143536
1949,-56.013010,23.082609,15.0000,0.033865,0.143590
1950,-55.475938,22.559108,15.0000,0.033855,0.143659
1951,-54.933963,22.040684,15.0000,0.033847,0.143743
1952,-54.387135,21.527382,15.0000,0.033840,0.143839
1953,-53.835503,21.019246,15.0000,0.033834,0.143945
1954,-53.279117,20.516320,15.0000,0.033829,0.144060
1955,-52.718028,20.018646,15.0000,0.033825,0.144182
1956,-52.152285,19.526269,15.0000,0.031494,0.144295
1957,-51.581939,19.039232,15.0000,0.034363,0.144428
1958,-51.007353,18.557204,15.0000,0.034055,0.144081
1959,-50.428190,18.080685,15.0000,0.034037,0.143851
1960,-49.844544,17.609668,15.0000,0.034001,0.143675
1961,-49.256469,17.144192,15.0000,0.033971,0.143549
1962,-48.664022,16.684294,15.0000,0.033946,0.143466
1963,-48.067260,16.230008,15.0000,0.033925,0.143418
1964,-47.466240,15.781372,15.0000,0.033906,0.143402
1965,-46.861017,15.338422,15.0000,0.033890,0.143412
1966,-46.251647,14.901193,15.0000,0.033877,0.143445
1967,-45.638187,14.469723,15.0000,0.033866,0.143497
1968,-45.020692,14.044047,15.0000,0.033856,0.143566
1969,-44.399219,13.624200,15.0000,0.033847,0.143649
1970,-43.773823,13.210219,15.0000,0.033840,0.143744
1971,-43.144562,12.802139,15.0000,0.033834,0.143850
1972,-42.511490,12.399993,15.0000,0.033829,0.143964
1973,-41.874666,12.003818,15.0000,0.033825,0.144086
1974,-41.234146,11.613646,15.0000,0.033821,0.144215
1975,-40.589987,11.229513,15.0000,0.031491,0.144333
1976,-39.942246,10.851449,15.0000,0.034360,0.144470
1977,-39.291221,10.479069,15.0000,0.034052,0.144127
1978,-38.636671,10.112921,15.0000,0.034035,0.143900
1979,-37.978686,9.752984,15.0000,0.033999,0.143727
1980,-37.317325,9.399286,15.0000,0.033970,0.143604
1981,-36.652653,9.051851,15.0000,0.033945,0.143522
1982,-35.984730,8.710707,15.0000,0.033923,0.143477
1983,-35.313620,8.375878,15.0000,0.033905,0.143462
1984,-34.639383,8.047390,15.0000,0.033890,0.143473
1985,-33.962080,7.725269,15.0000,0.033876,0.143507
1986,-33.281775,7.409541,15.0000,0.033865,0.143560
1987,-32.598527,7.100231,15.0000,0.033855,0.143630
1988,-31.912399,6.797364,15.0000,0.033847,0.143714
1989,-31.223452,6.500965,15.0000,0.033840,0.143809
1990,-30.531748,6.211060,15.0000,0.033834,0.143915
1991,-29.837348,5.927671,15.0000,0.033829,0.144030
1992,-29.140315,5.650824,15.0000,0.033824,0.144153
1993,-28.440710,5.380541,15.0000,0.033821,0.144282
1994,-27.738595,5.116846,15.0000,0.031491,0.144399
1995,-27.034033,4.859762,15.0000,0.034360,0.144537
1996,-26.327249,4.608852,15.0000,0.034052,0.144193
1997,-25.618101,4.364702,15.0000,0.034035,0.143967
1998,-24.906674,4.127273,15.0000,0.033999,0.143794
1999,-24.193034,3.896583,15.0000,0.033970,0.143671
2000,-23.477246,3.672646,15.0000,0.033945,0.143589
2001,-22.759377,3.455476,15.0000,0.033923,0.143544
2002,-22.039490,3.245087,15.0000,0.033905,0.143529
2003,-21.317653,3.041493,15.0000,0.033890,0.143541
2004,-20.593929,2.844709,15.0000,0.033876,0.143575
2005,-19.868384,2.654749,15.0000,0.033865,0.143628
2006,-19.141083,2.471627,15.0000,0.033855,0.143698
2007,-18.412091,2.295358,15.0000,0.033847,0.143781
2008,-17.681474,2.125955,15.0000,0.033840,0.143877
2009,-16.949295,1.963431,15.0000,0.033834,0.143983
2010,-16.215620,1.807800,15.0000,0.033829,0.144098
2011,-15.480514,1.659073,15.0000,0.033825,0.144221
2012,-14.744043,1.517263,15.0000,0.031494,0.144333
2013,-14.006271,1.382381,15.0000,0.034363,0.144466
2014,-13.267347,1.253961,15.0000,0.034055,0.144119
2015,-12.527231,1.132603,15.0000,0.034037,0.143889
2016,-11.786000,1.018254,15.0000,0.034001,0.143713
2017,-11.043720,0.910921,15.0000,0.033971,0.143587
2018,-10.300459,0.810605,15.0000,0.033946,0.143504
2019,-9.556284,0.717311,15.0000,0.033925,0.143456
2020,-8.811262,0.631041,15.0000,0.033906,0.143440
2021,-8.065460,0.551797,15.0000,0.033890,0.143450
2022,-7.318945,0.479584,15.0000,0.033877,0.143483
2023,-6.571782,0.414405,15.0000,0.033866,0.143535
2024,-5.824039,0.356262,15.0000,0.031528,0.143604
2025,-5.075782,0.305158,15.0000,-0.002746,0.143687
2026,-4.327107,0.260612,15.0000,0.000169,0.143297
2027,-3.578465,0.215494,15.0000,-0.000004,0.135291
2028,-2.829821,0.170412,15.0000,-0.000000,0.120280
2029,-2.081177,0.125328,15.0000,-0.000000,0.098230
2030,-1.332534,0.080245,15.0000,-0.000000,0.069133
2031,-0.583890,0.035162,15.0000,-0.000000,0.033026
2032,0.164754,-0.009921,15.0000,0.100000,-0.010094
2033,0.913398,-0.055005,15.0000,0.200000,-0.060217
2034,1.663007,-0.079208,15.0000,0.218767,-0.096475
2035,2.412791,-0.061186,15.0000,0.118767,-0.097534
2036,3.160032,0.003077,15.0000,0.018767,-0.059310
2037,3.904734,0.092068,15.0000,-0.081233,-0.003272
2038,4.648962,0.184941,15.0000,-0.062614,0.049671
2039,5.395099,0.260961,15.0000,0.033153,0.078666
2040,6.142447,0.323976,15.0000,0.025454,0.087553
2041,6.889183,0.393873,15.0000,0.029260,0.096327
2042,7.635406,0.469049,15.0000,0.029679,0.103366
2043,8.380993,0.550289,15.0000,0.030294,0.109462
2044,9.125884,0.637676,15.0000,0.030797,0.114703
2045,9.870014,0.731329,15.0000,0.029069,0.119216
2046,10.613315,0.831346,15.0000,0.032082,0.123105
2047,11.355784,0.937364,15.0000,0.032122,0.126010
2048,12.097279,1.049997,15.0000,0.032384,0.128559
2049,12.837738,1.169243,15.0000,0.032587,0.130760
2050,13.577095,1.295148,15.0000,0.032763,0.132668
2051,14.315281,1.427743,15.0000,0.032913,0.134324
2052,15.052229,1.567052,15.0000,0.033041,0.135765
2053,15.787872,1.713096,15.0000,0.033151,0.137022
2054,16.522144,1.865887,15.0000,0.033244,0.138122
2055,17.254977,2.025436,15.0000,0.033324,0.139088
2056,17.986305,2.191748,15.0000,0.033393,0.139939
2057,18.716061,2.364825,15.0000,0.031149,0.140674
2058,19.444180,2.544666,15.0000,0.034038,0.141341
2059,20.170715,2.730803,15.0000,0.033779,0.141455
2060,20.895457,2.923803,15.0000,0.033802,0.141620
2061,21.618356,3.123597,15.0000,0.033800,0.141781
2062,22.339346,3.330173,15.0000,0.033800,0.141943
2063,23.058364,3.543511,15.0000,0.033799,0.142106
2064,23.775346,3.763593,15.0000,0.033799,0.142270
2065,24.490230,3.990399,15.0000,0.033799,0.142434
2066,25.202952,4.223909,15.0000,0.033799,0.142598
2067,25.913450,4.464103,15.0000,0.033799,0.142763
2068,26.621660,4.710960,15.0000,0.033799,0.142928
2069,27.327521,4.964457,15.0000,0.033799,0.143093
2070,28.030969,5.224572,15.0000,0.033798,0.143259
2071,28.731944,5.491283,15.0000,0.033798,0.143425
2072,29.430383,5.764565,15.0000,0.033798,0.143591
2073,30.126224,6.044395,15.0000,0.033798,0.143757
2074,30.819407,6.330747,15.0000,0.033798,0.143923
2075,31.509870,6.623598,15.0000,0.031474,0.144074
2076,32.197551,6.922920,15.0000,0.034344,0.144239
2077,32.882589,7.228245,15.0000,0.034038,0.143919
2078,33.564682,7.540094,15.0000,0.034023,0.143714
2079,34.243794,7.858380,15.0000,0.033989,0.143558
2080,34.919867,8.183072,15.0000,0.033961,0.143449
2081,35.592844,8.514136,15.0000,0.033937,0.143381
2082,36.262666,8.851535,15.0000,0.033917,0.143346
2083,36.929276,9.195237,15.0000,0.033900,0.143341
2084,37.592617,9.545206,15.0000,0.033885,0.143360
2085,38.252633,9.901408,15.0000,0.033872,0.143401
2086,38.909265,10.263809,15.0000,0.033862,0.143460
2087,39.562456,10.632374,15.0000,0.033852,0.143535
2088,40.212151,11.007069,15.0000,0.033845,0.143623
2089,40.858293,11.387859,15.0000,0.033838,0.143722
2090,41.500825,11.774709,15.0000,0.033832,0.143831
2091,42.139690,12.167584,15.0000,0.033827,0.143949
2092,42.774834,12.566447,15.0000,0.033823,0.144074
2093,43.406201,12.971263,15.0000,0.033820,0.144205
2094,44.033735,13.381996,15.0000,0.031490,0.144324
2095,44.657382,13.798607,15.0000,0.034359,0.144463
2096,45.277359,14.220660,15.0000,0.034051,0.144121
2097,45.893278,14.648613,15.0000,0.034035,0.143896
2098,46.505120,15.082374,15.0000,0.033998,0.143724
2099,47.112833,15.521903,15.0000,0.033969,0.143601
2100,47.716366,15.967153,15.0000,0.033944,0.143521
2101,48.315669,16.418081,15.0000,0.033923,0.143476
2102,48.910692,16.874642,15.0000,0.033905,0.143461
2103,49.501385,17.336791,15.0000,0.033889,0.143473
2104,50.087697,17.804485,15.0000,0.033876,0.143508
2105,50.669579,18.277679,15.0000,0.033865,0.143561
2106,51.246981,18.756330,15.0000,0.033855,0.143631
2107,51.819854,19.240394,15.0000,0.033847,0.143715
2108,52.388146,19.729826,15.0000,0.033840,0.143811
2109,52.951811,20.224580,15.0000,0.033834,0.143917
2110,53.510798,20.724614,15.0000,0.033829,0.144033
2111,54.065059,21.229881,15.0000,0.033824,0.144155
2112,54.614546,21.740335,15.0000,0.033821,0.144284
2113,55.159211,22.255932,15.0000,0.031491,0.144402
2114,55.699007,22.776625,15.0000,0.034360,0.144539
2115,56.234225,23.302021,15.0000,0.034052,0.144196
2116,56.764402,23.832504,15.0000,0.034035,0.143970
2117,57.289536,24.367980,15.0000,0.033999,0.143797
2118,57.809583,24.908398,15.0000,0.033970,0.143674
2119,58.324500,25.453705,15.0000,0.033945,0.143592
2120,58.834247,26.003849,15.0000,0.033923,0.143547
2121,59.338782,26.558776,15.0000,0.033905,0.143532
2122,59.838063,27.118435,15.0000,0.033890,0.143544
2123,60.332050,27.682773,15.0000,0.033876,0.143578
2124,60.820700,28.251738,15.0000,0.033865,0.143631
2125,61.303972,28.825278,15.0000,0.033855,0.143701
2126,61.781826,29.403340,15.0000,0.033847,0.143784
2127,62.254220,29.985872,15.0000,0.033840,0.143880
2128,62.721114,30.572822,15.0000,0.033834,0.143986
2129,63.182469,31.164136,15.0000,0.033829,0.144101
2130,63.638244,31.759761,15.0000,0.033825,0.144224
2131,64.088399,32.359644,15.0000,0.031494,0.144336
2132,64.532896,32.963732,15.0000,0.034363,0.144469
2133,64.972090,33.571687,15.0000,0.034055,0.144122
2134,65.405458,34.183808,15.0000,0.034037,0.143892
2135,65.833014,34.800002,15.0000,0.034001,0.143716
2136,66.254723,35.420213,15.0000,0.033971,0.143590
2137,66.670554,36.044381,15.0000,0.033946,0.143507
2138,67.080473,36.672446,15.0000,0.033925,0.143459
2139,67.484450,37.304350,15.0000,0.033906,0.143443
2140,67.882452,37.940034,15.0000,0.033890,0.143453
2141,68.274447,38.579440,15.0000,0.033877,0.143486
2142,68.660404,39.222509,15.0000,0.033866,0.143538
2143,69.040289,39.869183,15.0000,0.033856,0.143607
2144,69.414072,40.519403,15.0000,0.033847,0.143690
2145,69.781721,41.173111,15.0000,0.033840,0.143785
2146,70.143205,41.830248,15.0000,0.033834,0.143891
2147,70.498495,42.490755,15.0000,0.033829,0.144005
2148,70.847558,43.154573,15.0000,0.033825,0.144128
2149,71.190366,43.821644,15.0000,0.033821,0.144256
2150,71.526888,44.491907,15.0000,0.031491,0.144373
2151,71.857097,45.165303,15.0000,0.034360,0.144511
2152,72.181401,45.841563,15.0000,0.034052,0.144167
2153,72.499232,46.520888,15.0000,0.034035,0.143941
2154,72.810622,47.203190,15.0000,0.033999,0.143768
2155,73.115544,47.888407,15.0000,0.033970,0.143644
2156,73.413979,48.576475,15.0000,0.033945,0.143563
2157,73.705906,49.267328,15.0000,0.033924,0.143517
2158,73.991303,49.960905,15.0000,0.033905,0.143502
2159,74.270149,50.657141,15.0000,0.033890,0.143514
2160,74.542424,51.355973,15.0000,0.033876,0.143548
2161,74.808105,52.057339,15.0000,0.033865,0.143601
2162,75.067172,52.761174,15.0000,0.033855,0.143671
2163,75.319604,53.467416,15.0000,0.033847,0.143754
2164,75.565381,54.176002,15.0000,0.033840,0.143850
2165,75.804482,54.886868,15.0000,0.033834,0.143956
2166,76.036889,55.599951,15.0000,0.033829,0.144071
2167,76.262580,56.315188,15.0000,0.033825,0.144194
2168,76.481539,57.032514,15.0000,0.031494,0.144307
2169,76.693745,57.751867,15.0000,0.034363,0.144439
2170,76.899648,58.473049,15.0000,0.034055,0.144092
2171,77.098655,59.196165,15.0000,0.034037,0.143862
2172,77.290810,59.921131,15.0000,0.034001,0.143686
2173,77.476100,60.647883,15.0000,0.033971,0.143560
2174,77.654515,61.376352,15.0000,0.033946,0.143477
2175,77.826045,62.106474,15.0000,0.033925,0.143429
2176,77.990681,62.838181,15.0000,0.033906,0.143413
2177,78.148411,63.571407,15.0000,0.033890,0.143423
2178,78.299226,64.306088,15.0000,0.033877,0.143456
2179,78.443116,65.042155,15.0000,0.033866,0.143508
2180,78.580070,65.779545,15.0000,0.033856,0.143577
2181,78.710079,66.518191,15.0000,0.033847,0.143660
2182,78.833132,67.258027,15.0000,0.033840,0.143755
2183,78.949222,67.998988,15.0000,0.033834,0.143861
2184,79.058339,68.741008,15.0000,0.033829,0.143975
2185,79.160475,69.484021,15.0000,0.033825,0.144098
2186,79.255622,70.227961,15.0000,0.033821,0.144226
2187,79.343772,70.972763,15.0000,0.031491,0.144344
2188,79.424919,71.718360,15.0000,0.034360,0.144481
2189,79.499538,72.464639,15.0000,0.034052,0.144138
2190,79.567028,73.211596,15.0000,0.034035,0.143911
2191,79.627447,73.959159,15.0000,0.033999,0.143738
2192,79.680793,74.707259,15.0000,0.033970,0.143615
2193,79.727069,75.455830,15.0000,0.033945,0.143533
2194,79.766276,76.204804,15.0000,0.033923,0.143488
2195,79.798418,76.954115,15.0000,0.033905,0.143473
2196,79.823494,77.703696,15.0000,0.033890,0.143484
2197,79.841507,78.453480,15.0000,0.033876,0.143518
2198,79.852458,79.203400,15.0000,0.033865,0.143571
2199,79.856349,79.953390,15.0000,0.033855,0.143641
2200,79.853182,80.703383,15.0000,0.033847,0.143725
2201,79.842960,81.453313,15.0000,0.033840,0.143820
2202,79.825684,82.203114,15.0000,0.033834,0.143927
2203,79.801359,82.952720,15.0000,0.033829,0.144041
2204,79.769987,83.702063,15.0000,0.033824,0.144164
2205,79.731573,84.451079,15.0000,0.031494,0.144277
2206,79.686120,85.199700,15.0000,0.034363,0.144410
2207,79.634118,85.947895,15.0000,0.034055,0.144063
2208,79.574973,86.695560,15.0000,0.034037,0.143833
2209,79.508756,87.442631,15.0000,0.034001,0.143657
2210,79.435476,88.189042,15.0000,0.033971,0.143531
2211,79.355146,88.934728,15.0000,0.033946,0.143447
2212,79.267782,89.679622,15.0000,0.033924,0.143400
2213,79.173394,90.423659,15.0000,0.033906,0.143384
2214,79.071997,91.166773,15.0000,0.033890,0.143394
2215,78.963602,91.908899,15.0000,0.033877,0.143427
2216,78.848224,92.649971,15.0000,0.033866,0.143479
2217,78.725874,93.389924,15.0000,0.033856,0.143548
2218,78.596567,94.128693,15.0000,0.033847,0.143631
2219,78.460315,94.866213,15.0000,0.033840,0.143726
2220,78.317132,95.602418,15.0000,0.033834,0.143832
2221,78.167033,96.337245,15.0000,0.033829,0.143946
2222,78.010031,97.070628,15.0000,0.033825,0.144068
2223,77.846143,97.802503,15.0000,0.033821,0.144197
2224,77.675382,98.532805,15.0000,0.031491,0.144315
2225,77.497766,99.261469,15.0000,0.034360,0.144452
2226,77.313780,99.988552,15.0000,0.034052,0.144109
2227,77.122861,100.713845,15.0000,0.034035,0.143882
2228,76.925086,101.437299,15.0000,0.033999,0.143709
2229,76.720479,102.158850,15.0000,0.033970,0.143586
2230,76.509064,102.878435,15.0000,0.033945,0.143504
2231,76.290865,103.595993,15.0000,0.033923,0.143459
2232,76.065908,104.311461,15.0000,0.033905,0.143444
2233,75.834216,105.024777,15.0000,0.033890,0.143455
2234,75.595814,105.735878,15.0000,0.033876,0.143489
2235,75.350726,106.444702,15.0000,0.033865,0.143542
2236,75.098976,107.151188,15.0000,0.033855,0.143612
2237,74.840589,107.855273,15.0000,0.033847,0.143696
2238,74.575590,108.556896,15.0000,0.033840,0.143791
2239,74.304003,109.255996,15.0000,0.033834,0.143898
2240,74.025855,109.952511,15.0000,0.033829,0.144012
2241,73.741170,110.646381,15.0000,0.033824,0.144135
2242,73.449975,111.337543,15.0000,0.033821,0.144264
2243,73.152297,112.025938,15.0000,0.031491,0.144381
2244,72.848162,112.711505,15.0000,0.034360,0.144519
2245,72.538040,113.394384,15.0000,0.034052,0.144176
2246,72.221412,114.074272,15.0000,0.034035,0.143950
2247,71.898364,114.751132,15.0000,0.033999,0.143777
2248,71.568930,115.424907,15.0000,0.033970,0.143653
2249,71.233144,116.095540,15.0000,0.033945,0.143572
2250,70.891043,116.762973,15.0000,0.033923,0.143526
2251,70.542662,117.427150,15.0000,0.033905,0.143511
2252,70.188035,118.088013,15.0000,0.033890,0.143523
2253,69.827198,118.745505,15.0000,0.033876,0.143557
2254,69.460185,119.399570,15.0000,0.033865,0.143610
2255,69.087031,120.050152,15.0000,0.033855,0.143680
2256,68.707771,120.697193,15.0000,0.033847,0.143764
2257,68.322441,121.340637,15.0000,0.033840,0.143859
2258,67.931076,121.980429,15.0000,0.033834,0.143966
2259,67.533712,122.616512,15.0000,0.033829,0.144080
2260,67.130385,123.248831,15.0000,0.033825,0.144203
2261,66.721132,123.877331,15.0000,0.031494,0.144316
2262,66.305990,124.501956,15.0000,0.034363,0.144449
2263,65.885397,125.122925,15.0000,0.034055,0.144101
2264,65.458895,125.739849,15.0000,0.034037,0.143872
2265,65.026573,126.352709,15.0000,0.034001,0.143696
2266,64.588474,126.961453,15.0000,0.033971,0.143570
2267,64.144643,127.566031,15.0000,0.033946,0.143486
2268,63.695124,128.166392,15.0000,0.033925,0.143439
2269,63.239962,128.762486,15.0000,0.033906,0.143423
2270,62.779202,129.354262,15.0000,0.033890,0.143433
2271,62.312886,129.941671,15.0000,0.033877,0.143466
2272,61.841058,130.524663,15.0000,0.033866,0.143518
2273,61.363764,131.103187,15.0000,0.033856,0.143587
2274,60.881047,131.677194,15.0000,0.033847,0.143670
2275,60.392950,132.246634,15.0000,0.033840,0.143765
2276,59.899520,132.811458,15.0000,0.033834,0.143870
2277,59.400799,133.371617,15.0000,0.033829,0.143985
2278,58.896835,133.927062,15.0000,0.033825,0.144107
2279,58.387671,134.477746,15.0000,0.033821,0.144236
2280,57.873354,135.023619,15.0000,0.031491,0.144353
2281,57.353929,135.564635,15.0000,0.034360,0.144491
2282,56.829790,136.101084,15.0000,0.034052,0.144147
2283,56.300553,136.632505,15.0000,0.034035,0.143921
2284,55.766311,137.158894,15.0000,0.033999,0.143748
2285,55.227114,137.680207,15.0000,0.033970,0.143624
2286,54.683016,138.196402,15.0000,0.033945,0.143542
2287,54.134070,138.707439,15.0000,0.033923,0.143497
2288,53.580328,139.213274,15.0000,0.033905,0.143482
2289,53.021842,139.713867,15.0000,0.033890,0.143493
2290,52.458665,140.209176,15.0000,0.033876,0.143527
2291,51.890848,140.699160,15.0000,0.033865,0.143581
2292,51.318443,141.183777,15.0000,0.033855,0.143650
2293,50.741504,141.662985,15.0000,0.033847,0.143734
2294,50.160082,142.136745,15.0000,0.033840,0.143830
2295,49.574229,142.605015,15.0000,0.033834,0.143936
2296,48.984000,143.067756,15.0000,0.033829,0.144051
2297,48.389445,143.524927,15.0000,0.033824,0.144173
2298,47.790620,143.976488,15.0000,0.031494,0.144286
2299,47.187576,144.422401,15.0000,0.034363,0.144419
2300,46.580654,144.863020,15.0000,0.034055,0.144072
2301,45.969551,145.297823,15.0000,0.034037,0.143842
2302,45.354362,145.726824,15.0000,0.034001,0.143666
2303,44.735142,146.149987,15.0000,0.033971,0.143540
2304,44.111952,146.567281,15.0000,0.033946,0.143457
2305,43.484850,146.978673,15.0000,0.033925,0.143409
2306,42.853896,147.384131,15.0000,0.033906,0.143393
2307,42.219147,147.783624,15.0000,0.033890,0.143403
2308,41.580663,148.177118,15.0000,0.033877,0.143436
2309,40.938501,148.564582,15.0000,0.033866,0.143488
2310,40.292720,148.945983,15.0000,0.033856,0.143557
2311,39.643379,149.321291,15.0000,0.033847,0.143640
2312,38.990535,149.690473,15.0000,0.033840,0.143735
2313,38.334248,150.053498,15.0000,0.033834,0.143841
2314,37.674576,150.410336,15.0000,0.033829,0.143955
2315,37.011579,150.760956,15.0000,0.033825,0.144077
2316,36.345315,151.105328,15.0000,0.033821,0.144206
2317,35.675843,151.443422,15.0000,0.031491,0.144324
2318,35.003224,151.775210,15.0000,0.034360,0.144461
2319,34.327727,152.101099,15.0000,0.034052,0.144118
2320,33.649149,152.420524,15.0000,0.034035,0.143891
2321,32.967579,152.733514,15.0000,0.033999,0.143718
2322,32.283079,153.040043,15.0000,0.033970,0.143595
2323,31.595714,153.340091,15.0000,0.033945,0.143513
2324,30.905547,153.633638,15.0000,0.033923,0.143468
2325,30.212642,153.920662,15.0000,0.033905,0.143453
2326,29.517062,154.201141,15.0000,0.033890,0.143464
2327,28.818871,154.475055,15.0000,0.033876,0.143498
2328,28.118131,154.742381,15.0000,0.033865,0.143551
2329,27.414905,155.003098,15.0000,0.033855,0.143621
2330,26.709257,155.257187,15.0000,0.033847,0.143705
2331,26.001250,155.504626,15.0000,0.033840,0.143800
2332,25.290947,155.745394,15.0000,0.033834,0.143907
2333,24.578411,155.979473,15.0000,0.033829,0.144022
2334,23.863706,156.206843,15.0000,0.033824,0.144144
2335,23.146896,156.427483,15.0000,0.033821,0.144273
2336,22.428043,156.641377,15.0000,0.031491,0.144390
2337,21.707211,156.848505,15.0000,0.034360,0.144528
2338,20.984595,157.049318,15.0000,0.034052,0.144185
2339,20.260094,157.243222,15.0000,0.034035,0.143959
2340,19.533791,157.430262,15.0000,0.033999,0.143786
2341,18.805752,157.610425,15.0000,0.033970,0.143662
2342,18.076043,157.783701,15.0000,0.033945,0.143581
2343,17.344730,157.950081,15.0000,0.033923,0.143535
2344,16.611881,158.109556,15.0000,0.033905,0.143520
2345,15.877561,158.262115,15.0000,0.033890,0.143532
2346,15.141837,158.407749,15.0000,0.033876,0.143566
2347,14.404773,158.546448,15.0000,0.033865,0.143619
2348,13.666437,158.678202,15.0000,0.033855,0.143689
2349,12.926893,158.803003,15.0000,0.033847,0.143773
2350,12.186208,158.920841,15.0000,0.033840,0.143868
2351,11.444448,159.031707,15.0000,0.033834,0.143975
2352,10.701677,159.135592,15.0000,0.033829,0.144089
2353,9.957963,159.232490,15.0000,0.033825,0.144212
2354,9.213371,159.322393,15.0000,0.031494,0.144325
2355,8.467967,159.405293,15.0000,0.034363,0.144458
2356,7.721865,159.481667,15.0000,0.034055,0.144110
2357,6.975069,159.550912,15.0000,0.034037,0.143881
2358,6.227651,159.613088,15.0000,0.034001,0.143705
2359,5.479678,159.668191,15.0000,0.033971,0.143579
2360,4.731217,159.716226,15.0000,0.033946,0.143495
2361,3.982337,159.757192,15.0000,0.033925,0.143448
2362,3.233104,159.791093,15.0000,0.033906,0.143431
2363,2.483584,159.817929,15.0000,0.033890,0.143442
2364,1.733845,159.837702,15.0000,0.033877,0.143474
2365,0.983952,159.850413,15.0000,0.033866,0.143527
2366,0.233974,159.856065,15.0000,0.033856,0.143595
2367,-0.516025,159.854658,15.0000,0.033847,0.143678
2368,-1.265977,159.846196,15.0000,0.033840,0.143774
2369,-2.015817,159.830681,15.0000,0.033834,0.143879
2370,-2.765477,159.808115,15.0000,0.033829,0.143994
2371,-3.514892,159.778502,15.0000,0.033825,0.144116
2372,-4.263996,159.741845,15.0000,0.033821,0.144245
2373,-5.012722,159.698149,15.0000,0.031491,0.144362
2374,-5.761004,159.647418,15.0000,0.034360,0.144499
2375,-6.508814,159.590142,15.0000,0.034052,0.144156
2376,-7.256043,159.525727,15.0000,0.034035,0.143929
2377,-8.002629,159.454245,15.0000,0.033999,0.143756
2378,-8.748505,159.375706,15.0000,0.033970,0.143633
2379,-9.493606,159.290123,15.0000,0.033945,0.143551
2380,-10.237866,159.197510,15.0000,0.033923,0.143506
2381,-10.981219,159.097881,15.0000,0.033905,0.143491
2382,-11.723600,158.991249,15.0000,0.033890,0.143502
2383,-12.464944,158.877628,15.0000,0.033876,0.143536
2384,-13.205184,158.757030,15.0000,0.033865,0.143589
2385,-13.944257,158.629469,15.0000,0.033855,0.143659
2386,-14.682096,158.494959,15.0000,0.033847,0.143743
2387,-15.418638,158.353514,15.0000,0.033840,0.143839
2388,-16.153816,158.205147,15.0000,0.033834,0.143945
2389,-16.887567,158.049873,15.0000,0.033829,0.144060
2390,-17.619825,157.887708,15.0000,0.033825,0.144182
2391,-18.350527,157.718667,15.0000,0.031494,0.144295
2392,-19.079608,157.542765,15.0000,0.034363,0.144428
2393,-19.807121,157.360489,15.0000,0.034055,0.144080
2394,-20.532861,157.171275,15.0000,0.034037,0.143851
2395,-21.256777,156.975201,15.0000,0.034001,0.143675
2396,-21.978807,156.772289,15.0000,0.033971,0.143549
2397,-22.698887,156.562565,15.0000,0.033946,0.143465
2398,-23.416955,156.346052,15.0000,0.033925,0.143418
2399,-24.132949,156.122775,15.0000,0.033906,0.143402
2400,-24.846807,155.892759,15.0000,0.033890,0.143412
2401,-25.558466,155.656027,15.0000,0.033877,0.143445
2402,-26.267863,155.412603,15.0000,0.033866,0.143497
2403,-26.974938,155.162512,15.0000,0.033856,0.143566
2404,-27.679628,154.905779,15.0000,0.033847,0.143649
2405,-28.381871,154.642427,15.0000,0.033840,0.143744
2406,-29.081606,154.372481,15.0000,0.033834,0.143850
2407,-29.778772,154.095968,15.0000,0.033829,0.143964
2408,-30.473308,153.812912,15.0000,0.033825,0.144086
2409,-31.165152,153.523340,15.0000,0.033821,0.144215
2410,-31.854243,153.227278,15.0000,0.031491,0.144332
2411,-32.540522,152.924752,15.0000,0.034360,0.144470
2412,-33.224127,152.616234,15.0000,0.034052,0.144126
2413,-33.904755,152.301201,15.0000,0.034035,0.143900
2414,-34.582372,151.979743,15.0000,0.033999,0.143727
2415,-35.256918,151.651890,15.0000,0.033970,0.143603
2416,-35.928337,151.317679,15.0000,0.033945,0.143522
2417,-36.596571,150.977145,15.0000,0.033923,0.143476
2418,-37.261563,150.630323,15.0000,0.033905,0.143461
2419,-37.923256,150.277248,15.0000,0.033890,0.143473
2420,-38.581593,149.917954,15.0000,0.033876,0.143507
2421,-39.236518,149.552477,15.0000,0.033865,0.143560
2422,-39.887973,149.180850,15.0000,0.033855,0.143630
2423,-40.535902,148.803110,15.0000,0.033847,0.143713
2424,-41.180249,148.419290,15.0000,0.033840,0.143809
2425,-41.820957,148.029427,15.0000,0.033834,0.143915
2426,-42.457971,147.633557,15.0000,0.033829,0.144030
2427,-43.091234,147.231715,15.0000,0.033824,0.144153
2428,-43.720693,146.823938,15.0000,0.033821,0.144282
2429,-44.346291,146.410262,15.0000,0.031491,0.144399
2430,-44.967973,145.990726,15.0000,0.034360,0.144537
2431,-45.585960,145.565765,15.0000,0.034052,0.144193
2432,-46.199862,145.134923,15.0000,0.034035,0.143967
2433,-46.809660,144.698292,15.0000,0.033999,0.143794
2434,-47.415300,144.255912,15.0000,0.033970,0.143671
2435,-48.016734,143.807831,15.0000,0.033945,0.143589
2436,-48.613912,143.354092,15.0000,0.033923,0.143544
2437,-49.206783,142.894741,15.0000,0.033905,0.143529
2438,-49.795298,142.429821,15.0000,0.033890,0.143540
2439,-50.379406,141.959377,15.0000,0.033876,0.143574
2440,-50.959058,141.483453,15.0000,0.033865,0.143628
2441,-51.534204,141.002094,15.0000,0.033855,0.143697
2442,-52.104795,140.515343,15.0000,0.033847,0.143781
2443,-52.670782,140.023247,15.0000,0.033840,0.143877
2444,-53.232115,139.525848,15.0000,0.033834,0.143983
2445,-53.788746,139.023193,15.0000,0.033829,0.144098
2446,-54.340627,138.515327,15.0000,0.033825,0.144221
2447,-54.887709,138.002296,15.0000,0.031494,0.144333
2448,-55.429944,137.484145,15.0000,0.034363,0.144466
2449,-55.967625,136.961269,15.0000,0.034055,0.144119
2450,-56.500288,136.433282,15.0000,0.034037,0.143889
2451,-57.027931,135.900278,15.0000,0.034001,0.143713
2452,-57.550509,135.362308,15.0000,0.033971,0.143587
2453,-58.067981,134.819424,15.0000,0.033946,0.143504
2454,-58.580305,134.271680,15.0000,0.033925,0.143456
2455,-59.087440,133.719127,15.0000,0.033906,0.143440
2456,-59.589342,133.161818,15.0000,0.033890,0.143450
2457,-60.085972,132.599804,15.0000,0.033877,0.143483
2458,-60.577287,132.033139,15.0000,0.033866,0.143535
2459,-61.063246,131.461874,15.0000,0.033856,0.143604
2460,-61.543807,130.886061,15.0000,0.033847,0.143687
2461,-62.018930,130.305752,15.0000,0.033840,0.143782
2462,-62.488574,129.721000,15.0000,0.033834,0.143888
2463,-62.952699,129.131858,15.0000,0.033829,0.144002
2464,-63.411263,128.538378,15.0000,0.033825,0.144124
2465,-63.864229,127.940614,15.0000,0.033821,0.144253
2466,-64.311556,127.338618,15.0000,0.031491,0.144370
2467,-64.753205,126.732445,15.0000,0.034360,0.144508
2468,-65.189534,126.122431,15.0000,0.034052,0.144164
2469,-65.620018,125.508278,15.0000,0.034035,0.143938
2470,-66.044671,124.890080,15.0000,0.033999,0.143765
2471,-66.463459,124.267892,15.0000,0.033970,0.143641
2472,-66.876350,123.641776,15.0000,0.033945,0.143560
2473,-67.283312,123.011791,15.0000,0.033924,0.143514
2474,-67.684313,122.377994,15.0000,0.033905,0.143499
2475,-68.079322,121.740446,15.0000,0.033890,0.143511
2476,-68.468307,121.099205,15.0000,0.033876,0.143545
2477,-68.851236,120.454328,15.0000,0.033865,0.143598
2478,-69.228077,119.805876,15.0000,0.033855,0.143667
2479,-69.598800,119.153906,15.0000,0.033847,0.143751
2480,-69.963372,118.498477,15.0000,0.033840,0.143847
2481,-70.321764,117.839648,15.0000,0.033834,0.143953
2482,-70.673944,117.177478,15.0000,0.033829,0.144068
2483,-71.019884,116.512027,15.0000,0.033825,0.144190
2484,-71.359553,115.843352,15.0000,0.031494,0.144303
2485,-71.692921,115.171515,15.0000,0.034363,0.144436
2486,-72.020398,114.496786,15.0000,0.034055,0.144089
2487,-72.341416,113.818961,15.0000,0.034037,0.143859
2488,-72.656006,113.138128,15.0000,0.034001,0.143683
2489,-72.964143,112.454351,15.0000,0.033971,0.143557
2490,-73.265805,111.767692,15.0000,0.033946,0.143474
2491,-73.560972,111.078217,15.0000,0.033925,0.143426
2492,-73.849622,110.385987,15.0000,0.033906,0.143410
2493,-74.131733,109.691068,15.0000,0.033890,0.143420
2494,-74.407284,108.993521,15.0000,0.033877,0.143453
2495,-74.676254,108.293410,15.0000,0.033866,0.143505
2496,-74.938622,107.590799,15.0000,0.033856,0.143574
2497,-75.194366,106.885749,15.0000,0.033847,0.143657
2498,-75.443465,106.178324,15.0000,0.033840,0.143752
2499,-75.685900,105.468588,15.0000,0.033834,0.143858
2500,-75.921650,104.756604,15.0000,0.033829,0.143972
2501,-76.150696,104.042434,15.0000,0.033825,0.144094
2502,-76.373018,103.326143,15.0000,0.033821,0.144223
2503,-76.588598,102.607794,15.0000,0.031491,0.144341
2504,-76.797417,101.887451,15.0000,0.034360,0.144478
2505,-76.999925,101.165308,15.0000,0.034052,0.144134
2506,-77.195528,100.441264,15.0000,0.034035,0.143908
2507,-77.384272,99.715402,15.0000,0.033999,0.143735
2508,-77.566142,98.987787,15.0000,0.033970,0.143612
2509,-77.741129,98.258486,15.0000,0.033945,0.143530
2510,-77.909225,97.527567,15.0000,0.033923,0.143484
2511,-78.070418,96.795094,15.0000,0.033905,0.143470
2512,-78.224700,96.061134,15.0000,0.033890,0.143481
2513,-78.372059,95.325753,15.0000,0.033876,0.143515
2514,-78.512487,94.589017,15.0000,0.033865,0.143568
2515,-78.645974,93.850991,15.0000,0.033855,0.143638
2516,-78.772509,93.111742,15.0000,0.033847,0.143721
2517,-78.892084,92.371336,15.0000,0.033840,0.143817
2518,-79.004690,91.629838,15.0000,0.033834,0.143923
2519,-79.110318,90.887313,15.0000,0.033829,0.144038
2520,-79.208961,90.143828,15.0000,0.033824,0.144161
2521,-79.300610,89.399449,15.0000,0.031494,0.144274
2522,-79.385258,88.654241,15.0000,0.034363,0.144407
2523,-79.463382,87.908321,15.0000,0.034055,0.144059
2524,-79.534380,87.161689,15.0000,0.034037,0.143830
2525,-79.598309,86.414419,15.0000,0.034001,0.143654
2526,-79.655167,85.666577,15.0000,0.033971,0.143528
2527,-79.704957,84.918232,15.0000,0.033946,0.143444
2528,-79.747680,84.169449,15.0000,0.033924,0.143397
2529,-79.783338,83.420298,15.0000,0.033906,0.143381
2530,-79.811933,82.670843,15.0000,0.033890,0.143391
2531,-79.833465,81.921152,15.0000,0.033877,0.143424
2532,-79.847935,81.171292,15.0000,0.033866,0.143476
2533,-79.855346,80.421328,15.0000,0.033856,0.143545
2534,-79.855700,79.671328,15.0000,0.033847,0.143628
2535,-79.848997,78.921358,15.0000,0.033840,0.143723
2536,-79.835241,78.171484,15.0000,0.033834,0.143829
2537,-79.814434,77.421773,15.0000,0.033829,0.143943
2538,-79.786579,76.672291,15.0000,0.033825,0.144065
2539,-79.751680,75.923103,15.0000,0.033821,0.144194
2540,-79.709740,75.174277,15.0000,0.031491,0.144312
2541,-79.660765,74.425877,15.0000,0.034360,0.144449
2542,-79.605244,73.677935,15.0000,0.034052,0.144105
2543,-79.542583,72.930557,15.0000,0.034035,0.143879
2544,-79.472853,72.183806,15.0000,0.033999,0.143706
2545,-79.396063,71.437747,15.0000,0.033970,0.143583
2546,-79.312228,70.692448,15.0000,0.033945,0.143501
2547,-79.221362,69.947972,15.0000,0.033923,0.143455
2548,-79.123478,69.204387,15.0000,0.033905,0.143441
2549,-79.018588,68.461758,15.0000,0.033890,0.143452
2550,-78.906706,67.720150,15.0000,0.033876,0.143486
2551,-78.787845,66.979629,15.0000,0.033865,0.143539
2552,-78.662019,66.240259,15.0000,0.033855,0.143609
2553,-78.529240,65.502106,15.0000,0.033847,0.143693
2554,-78.389523,64.765235,15.0000,0.033840,0.143788
2555,-78.242882,64.029710,15.0000,0.033834,0.143894
2556,-78.089330,63.295597,15.0000,0.033829,0.144009
2557,-77.928884,62.562960,15.0000,0.033824,0.144132
2558,-77.761557,61.831864,15.0000,0.033821,0.144261
2559,-77.587366,61.102373,15.0000,0.031491,0.144378
2560,-77.406327,60.374551,15.0000,0.034360,0.144516
2561,-77.218926,59.648341,15.0000,0.034052,0.144173
2562,-77.024600,58.923953,15.0000,0.034035,0.143946
2563,-76.823428,58.201437,15.0000,0.033999,0.143773
2564,-76.615432,57.480855,15.0000,0.033970,0.143650
2565,-76.400637,56.762271,15.0000,0.033945,0.143569
2566,-76.179068,56.045747,15.0000,0.033923,0.143523
2567,-75.950751,55.331344,15.0000,0.033905,0.143508
2568,-75.715710,54.619125,15.0000,0.033890,0.143520
2569,-75.473968,53.909153,15.0000,0.033876,0.143554
2570,-75.225552,53.201488,15.0000,0.033865,0.143607
2571,-74.970485,52.496193,15.0000,0.033855,0.143677
2572,-74.708791,51.793330,15.0000,0.033847,0.143760
2573,-74.440498,51.092960,15.0000,0.033840,0.143856
2574,-74.165628,50.395144,15.0000,0.033834,0.143962
2575,-73.884209,49.699944,15.0000,0.033829,0.144077
2576,-73.596267,49.007420,15.0000,0.033825,0.144200
2577,-73.301827,48.317634,15.0000,0.031494,0.144313
2578,-73.000917,47.630646,15.0000,0.034363,0.144446
2579,-72.694006,46.946317,15.0000,0.034055,0.144098
2580,-72.380574,46.264950,15.0000,0.034037,0.143869
2581,-72.060709,45.586580,15.0000,0.034001,0.143693
2582,-71.734442,44.911265,15.0000,0.033971,0.143567
2583,-71.401809,44.239063,15.0000,0.033946,0.143483
2584,-71.062845,43.570031,15.0000,0.033925,0.143436
2585,-70.717586,42.904227,15.0000,0.033906,0.143419
2586,-70.366065,42.241707,15.0000,0.033890,0.143430
2587,-70.008318,41.582528,15.0000,0.033877,0.143462
2588,-69.644378,40.926747,15.0000,0.033866,0.143515
2589,-69.274282,40.274421,15.0000,0.033856,0.143584
2590,-68.898063,39.625608,15.0000,0.033847,0.143667
2591,-68.515757,38.980362,15.0000,0.033840,0.143762
2592,-68.127399,38.338741,15.0000,0.033834,0.143867
2593,-67.733024,37.700800,15.0000,0.033829,0.143982
2594,-67.332669,37.066595,15.0000,0.033825,0.144104
2595,-66.926370,36.436181,15.0000,0.033821,0.144233
2596,-66.514164,35.809614,15.0000,0.031491,0.144350
2597,-66.096087,35.186949,15.0000,0.034360,0.144487
2598,-65.672578,34.567966,15.0000,0.034052,0.144144
2599,-65.243178,33.953055,15.0000,0.034035,0.143918
2600,-64.807978,33.342235,15.0000,0.033999,0.143745
2601,-64.367021,32.735558,15.0000,0.033970,0.143621
2602,-63.920352,32.133074,15.0000,0.033945,0.143539
2603,-63.468016,31.534834,15.0000,0.033923,0.143494
2604,-63.010057,30.940886,15.0000,0.033905,0.143479
2605,-62.546519,30.351283,15.0000,0.033890,0.143490
2606,-62.077447,29.766072,15.0000,0.033876,0.143524
2607,-61.602884,29.185305,15.0000,0.033865,0.143578
2608,-61.122876,28.609031,15.0000,0.033855,0.143647
2609,-60.637465,28.037300,15.0000,0.033847,0.143731
2610,-60.146698,27.470160,15.0000,0.033840,0.143827
2611,-59.650618,26.907661,15.0000,0.033834,0.143933
2612,-59.149270,26.349853,15.0000,0.033829,0.144048
2613,-58.642701,25.796782,15.0000,0.033824,0.144170
2614,-58.130954,25.248498,15.0000,0.031494,0.144283
2615,-57.614077,24.705048,15.0000,0.034363,0.144416
2616,-57.092464,24.166142,15.0000,0.034055,0.144069
2617,-56.565728,23.632241,15.0000,0.034037,0.143839
2618,-56.033964,23.103349,15.0000,0.034001,0.143663
2619,-55.497221,22.579510,15.0000,0.033971,0.143537
2620,-54.955553,22.060766,15.0000,0.033946,0.143454
2621,-54.409012,21.547158,15.0000,0.033925,0.143406
2622,-53.857650,21.038729,15.0000,0.033906,0.143390
2623,-53.301521,20.535520,15.0000,0.033890,0.143400
2624,-52.740674,20.037573,15.0000,0.033877,0.143433
2625,-52.175163,19.544929,15.0000,0.033866,0.143485
2626,-51.605040,19.057632,15.0000,0.033856,0.143554
2627,-51.030356,18.575720,15.0000,0.033847,0.143637
2628,-50.451163,18.099237,15.0000,0.033840,0.143732
2629,-49.867515,17.628223,15.0000,0.033834,0.143838
2630,-49.279463,17.162717,15.0000,0.033829,0.143952
2631,-48.687061,16.702761,15.0000,0.033825,0.144074
2632,-48.090361,16.248395,15.0000,0.033821,0.144203
2633,-47.489417,15.799656,15.0000,0.031491,0.144321
2634,-46.884282,15.356586,15.0000,0.034360,0.144458
2635,-46.275293,14.918827,15.0000,0.034052,0.144115
2636,-45.662152,14.486903,15.0000,0.034035,0.143888
2637,-45.044952,14.060800,15.0000,0.033999,0.143715
2638,-44.423749,13.640554,15.0000,0.033970,0.143592
2639,-43.798603,13.226195,15.0000,0.033945,0.143510
2640,-43.169574,12.817756,15.0000,0.033923,0.143465
2641,-42.536721,12.415269,15.0000,0.033905,0.143450
2642,-41.900101,12.018765,15.0000,0.033890,0.143461
2643,-41.259774,11.628276,15.0000,0.033876,0.143495
2644,-40.615798,11.243835,15.0000,0.033865,0.143548
2645,-39.968231,10.865474,15.0000,0.033855,0.143618
2646,-39.317133,10.493222,15.0000,0.033847,0.143702
2647,-38.662561,10.127113,15.0000,0.033840,0.143798
2648,-38.004575,9.767177,15.0000,0.033834,0.143904
2649,-37.343234,9.413443,15.0000,0.033829,0.144019
2650,-36.678596,9.065943,15.0000,0.033824,0.144141
2651,-36.010720,8.724706,15.0000,0.033821,0.144270
2652,-35.339667,8.389762,15.0000,0.031491,0.144387
2653,-34.665496,8.061139,15.0000,0.034360,0.144525
2654,-33.988475,7.738428,15.0000,0.034052,0.144182
2655,-33.308403,7.422196,15.0000,0.034035,0.143956
2656,-32.625370,7.112414,15.0000,0.033999,0.143783
2657,-31.939437,6.809105,15.0000,0.033970,0.143659
2658,-31.250669,6.512290,15.0000,0.033945,0.143578
2659,-30.559131,6.221990,15.0000,0.033923,0.143532
2660,-29.864884,5.938226,15.0000,0.033905,0.143517
2661,-29.167994,5.661018,15.0000,0.033890,0.143529
2662,-28.468523,5.390389,15.0000,0.033876,0.143563
2663,-27.766534,5.126360,15.0000,0.033865,0.143616
2664,-27.062091,4.868950,15.0000,0.033855,0.143686
2665,-26.355256,4.618180,15.0000,0.033847,0.143770
2666,-25.646094,4.374072,15.0000,0.033840,0.143865
2667,-24.934668,4.136644,15.0000,0.033834,0.143972
2668,-24.221040,3.905916,15.0000,0.033829,0.144087
2669,-23.505274,3.681908,15.0000,0.033825,0.144209
2670,-22.787434,3.464639,15.0000,0.031494,0.144322
2671,-22.067584,3.254126,15.0000,0.034363,0.144455
2672,-21.345919,3.049920,15.0000,0.034055,0.144107
2673,-20.622337,2.852616,15.0000,0.034037,0.143878
2674,-19.896921,2.662167,15.0000,0.034001,0.143702
2675,-19.169735,2.478588,15.0000,0.033971,0.143576
2676,-18.440848,2.301888,15.0000,0.033946,0.143492
2677,-17.710324,2.132076,15.0000,0.033925,0.143445
2678,-16.978232,1.969163,15.0000,0.033906,0.143429
2679,-16.244636,1.813159,15.0000,0.033890,0.143439
2680,-15.509603,1.664073,15.0000,0.033877,0.143472
2681,-14.773199,1.521916,15.0000,0.033866,0.143524
2682,-14.035489,1.386698,15.0000,0.033856,0.143593
2683,-13.296539,1.258427,15.0000,0.033847,0.143676
2684,-12.556415,1.137115,15.0000,0.033840,0.143771
2685,-11.815183,1.022769,15.0000,0.033834,0.143876
2686,-11.072909,0.915399,15.0000,0.033829,0.143991
2687,-10.329658,0.815011,15.0000,0.033825,0.144113
2688,-9.585495,0.721616,15.0000,0.033821,0.144242
2689,-8.840488,0.635219,15.0000,0.031491,0.144359
2690,-8.094702,0.555827,15.0000,0.034360,0.144496
2691,-7.348250,0.482964,15.0000,0.034052,0.144153
2692,-6.601136,0.417232,15.0000,0.034035,0.143927
2693,-5.853433,0.358573,15.0000,0.033999,0.143753
2694,-5.105210,0.306987,15.0000,-0.002990,0.143630
2695,-4.356532,0.262473,15.0000,0.000188,0.143548
2696,-3.607891,0.217337,15.0000,-0.000005,0.135801
2697,-2.859248,0.172240,15.0000,-0.000000,0.121050
2698,-2.110605,0.127142,15.0000,-0.000000,0.099262
2699,-1.361962,0.082044,15.0000,-0.000000,0.070442
2700,-0.613320,0.036946,15.0000,-0.000000,0.034598
2701,0.135323,-0.008152,15.0000,0.100000,-0.008260
2702,0.883966,-0.053250,15.0000,0.200000,-0.058121
2703,1.633575,-0.077468,15.0000,0.215310,-0.094132
2704,2.383359,-0.059461,15.0000,0.115310,-0.094932
2705,3.130666,0.004035,15.0000,0.015310,-0.057204
2706,3.875544,0.091537,15.0000,-0.084690,-0.002391
2707,4.620044,0.182205,15.0000,-0.046758,0.048608
2708,5.366474,0.255294,15.0000,0.031355,0.074929
2709,6.113791,0.318676,15.0000,0.027323,0.084473
2710,6.860527,0.388565,15.0000,0.028654,0.093513
2711,7.606712,0.464122,15.0000,0.029356,0.101207
2712,8.352271,0.545617,15.0000,0.029996,0.107833
2713,9.097141,0.633191,15.0000,0.030541,0.113536
2714,9.841255,0.726969,15.0000,0.028860,0.118450
2715,10.584546,0.827059,15.0000,0.029697,0.122670
2716,11.327011,0.933106,15.0000,0.032444,0.125877
2717,12.068575,1.045276,15.0000,0.032450,0.128231
2718,12.809099,1.164127,15.0000,0.032663,0.130303
2719,13.548520,1.289650,15.0000,0.032827,0.132096
2720,14.286772,1.421879,15.0000,0.032968,0.133653
2721,15.023786,1.560836,15.0000,0.033089,0.135008
2722,15.759497,1.706540,15.0000,0.033192,0.136191
2723,16.493837,1.859001,15.0000,0.033280,0.137227
2724,17.226740,2.018230,15.0000,0.033355,0.138138
2725,17.958139,2.184229,15.0000,0.033419,0.138940
2726,18.687968,2.357000,15.0000,0.033474,0.139651
2727,19.416161,2.536541,15.0000,0.033521,0.140283
2728,20.142652,2.722847,15.0000,0.033561,0.140848
2729,20.867377,2.915913,15.0000,0.033595,0.141356
2730,21.590269,3.115729,15.0000,0.033625,0.141815
2731,22.311265,3.322285,15.0000,0.033650,0.142231
2732,23.030299,3.535568,15.0000,0.033671,0.142612
2733,23.747308,3.755566,15.0000,0.033690,0.142962
2734,24.462226,3.982262,15.0000,0.031386,0.143268
2735,25.174991,4.215642,15.0000,0.034262,0.143568
2736,25.885694,4.455229,15.0000,0.033969,0.143365
2737,26.594083,4.701571,15.0000,0.033964,0.143258
2738,27.300116,4.954589,15.0000,0.033938,0.143188
2739,28.003729,5.214259,15.0000,0.033918,0.143152
2740,28.704862,5.480554,15.0000,0.033900,0.143145
2741,29.403454,5.753444,15.0000,0.033885,0.143164
2742,30.099444,6.032904,15.0000,0.033873,0.143204
2743,30.792772,6.318904,15.0000,0.033862,0.143262
2744,31.483377,6.611418,15.0000,0.033853,0.143336
2745,32.171199,6.910417,15.0000,0.033845,0.143424
2746,32.856179,7.215873,15.0000,0.033838,0.143523
2747,33.538255,7.527758,15.0000,0.033832,0.143631
2748,34.217368,7.846042,15.0000,0.033827,0.143749
2749,34.893459,8.170697,15.0000,0.033823,0.143873
2750,35.566469,8.501693,15.0000,0.033820,0.144004
2751,36.236338,8.839000,15.0000,0.033817,0.144140
2752,36.903007,9.182587,15.0000,0.031488,0.144264
2753,37.566418,9.532423,15.0000,0.034357,0.144407
2754,38.226743,9.888051,15.0000,0.034049,0.144068
2755,38.883643,10.249966,15.0000,0.034033,0.143846
2756,39.537089,10.618081,15.0000,0.033997,0.143676
2757,40.187024,10.992359,15.0000,0.033968,0.143555
2758,40.833394,11.372761,15.0000,0.033943,0.143476
2759,41.476145,11.759246,15.0000,0.033922,0.143433
2760,42.115223,12.151777,15.0000,0.033904,0.143420
2761,42.750571,12.550315,15.0000,0.033889,0.143433
2762,43.382137,12.954821,15.0000,0.033876,0.143468
2763,44.009865,13.365256,15.0000,0.033864,0.143522
2764,44.633702,13.781582,15.0000,0.033855,0.143593
2765,45.253594,14.203760,15.0000,0.033847,0.143677
2766,45.869486,14.631751,15.0000,0.033840,0.143774
2767,46.481326,15.065516,15.0000,0.033834,0.143881
2768,47.089060,15.505015,15.0000,0.033829,0.143996
2769,47.692635,15.950208,15.0000,0.033824,0.144119
2770,48.291999,16.401055,15.0000,0.033821,0.144248
2771,48.887098,16.857516,15.0000,0.031491,0.144366
2772,49.477882,17.319550,15.0000,0.034360,0.144504
2773,50.064600,17.786735,15.0000,0.034052,0.144161
2774,50.646830,18.259501,15.0000,0.034035,0.143935
2775,51.224561,18.737756,15.0000,0.033999,0.143762
2776,51.797743,19.221452,15.0000,0.033970,0.143639
2777,52.366329,19.710543,15.0000,0.033945,0.143558
2778,52.930273,20.204979,15.0000,0.033923,0.143512
2779,53.489529,20.704712,15.0000,0.033905,0.143498
2780,54.044049,21.209695,15.0000,0.033890,0.143509
2781,54.593786,21.719880,15.0000,0.033876,0.143543
2782,55.138695,22.235219,15.0000,0.033865,0.143597
2783,55.678728,22.755665,15.0000,0.033855,0.143666
2784,56.213840,23.281170,15.0000,0.033847,0.143750
2785,56.743984,23.811686,15.0000,0.033840,0.143846
2786,57.269115,24.347165,15.0000,0.033834,0.143952
2787,57.789187,24.887558,15.0000,0.033829,0.144067
2788,58.304156,25.432817,15.0000,0.033824,0.144190
2789,58.813977,25.982892,15.0000,0.031494,0.144303
2790,59.318604,26.537735,15.0000,0.034363,0.144436
2791,59.818357,27.096973,15.0000,0.034055,0.144088
2792,60.312747,27.660958,15.0000,0.034037,0.143859
2793,60.801778,28.229596,15.0000,0.034001,0.143683
2794,61.285408,28.802834,15.0000,0.033971,0.143557
2795,61.763601,29.380615,15.0000,0.033946,0.143473
2796,62.236318,29.962885,15.0000,0.033925,0.143426
2797,62.703522,30.549588,15.0000,0.033906,0.143409
2798,63.165174,31.140670,15.0000,0.033890,0.143420
2799,63.621237,31.736074,15.0000,0.033877,0.143452
2800,64.071672,32.335748,15.0000,0.033866,0.143505
2801,64.516442,32.939635,15.0000,0.033856,0.143573
2802,64.955510,33.547681,15.0000,0.033847,0.143657
2803,65.388838,34.159830,15.0000,0.033840,0.143752
2804,65.816388,34.776029,15.0000,0.033834,0.143857
2805,66.238126,35.396220,15.0000,0.033829,0.143972
2806,66.654014,36.020349,15.0000,0.033825,0.144094
2807,67.064016,36.648360,15.0000,0.033821,0.144223
2808,67.468098,37.280197,15.0000,0.031491,0.144340
2809,67.866224,37.915804,15.0000,0.034360,0.144478
2810,68.258772,38.554870,15.0000,0.034052,0.144134
2811,68.645201,39.197655,15.0000,0.034035,0.143908
2812,69.025530,39.844068,15.0000,0.033999,0.143735
2813,69.399729,40.494050,15.0000,0.033970,0.143611
2814,69.767770,41.147537,15.0000,0.033945,0.143530
2815,70.129626,41.804469,15.0000,0.033923,0.143484
2816,70.485269,42.464786,15.0000,0.033905,0.143469
2817,70.834672,43.128426,15.0000,0.033890,0.143481
2818,71.177807,43.795328,15.0000,0.033876,0.143514
2819,71.514646,44.465432,15.0000,0.033865,0.143568
2820,71.845162,45.138677,15.0000,0.033855,0.143637
2821,72.169328,45.815002,15.0000,0.033847,0.143721
2822,72.487117,46.494348,15.0000,0.033840,0.143817
2823,72.798503,47.176652,15.0000,0.033834,0.143923
2824,73.103459,47.861854,15.0000,0.033829,0.144038
2825,73.401959,48.549893,15.0000,0.033824,0.144160
2826,73.693978,49.240708,15.0000,0.031494,0.144274
2827,73.979491,49.934237,15.0000,0.034363,0.144406
2828,74.258924,50.630238,15.0000,0.034055,0.144059
2829,74.531698,51.328875,15.0000,0.034037,0.143829
2830,74.797849,52.030062,15.0000,0.034001,0.143653
2831,75.057355,52.733736,15.0000,0.033971,0.143527
2832,75.310202,53.439830,15.0000,0.033946,0.143444
2833,75.556372,54.148279,15.0000,0.033924,0.143397
2834,75.795848,54.859019,15.0000,0.033906,0.143380
2835,76.028614,55.571985,15.0000,0.033890,0.143390
2836,76.254652,56.287112,15.0000,0.033877,0.143423
2837,76.473945,57.004336,15.0000,0.033866,0.143475
2838,76.686476,57.723593,15.0000,0.033856,0.143544
2839,76.892230,58.444818,15.0000,0.033847,0.143627
2840,77.091189,59.167947,15.0000,0.033840,0.143722
2841,77.283338,59.892915,15.0000,0.033834,0.143828
2842,77.468661,60.619658,15.0000,0.033829,0.143943
2843,77.647144,61.348111,15.0000,0.033825,0.144065
2844,77.818770,62.078210,15.0000,0.033821,0.144193
2845,77.983527,62.809889,15.0000,0.031491,0.144311
2846,78.141400,63.543085,15.0000,0.034360,0.144449
2847,78.292852,64.277634,15.0000,0.034052,0.144105
2848,78.437282,65.013596,15.0000,0.034035,0.143879
2849,78.574743,65.750892,15.0000,0.033999,0.143706
2850,78.705224,66.489454,15.0000,0.033970,0.143582
2851,78.828721,67.229217,15.0000,0.033945,0.143501
2852,78.945230,67.970112,15.0000,0.033923,0.143455
2853,79.054745,68.712073,15.0000,0.033905,0.143440
2854,79.157261,69.455034,15.0000,0.033890,0.143452
2855,79.252773,70.198927,15.0000,0.033876,0.143486
2856,79.341275,70.943687,15.0000,0.033865,0.143539
2857,79.422762,71.689247,15.0000,0.033855,0.143608
2858,79.497230,72.435541,15.0000,0.033847,0.143692
2859,79.564673,73.182502,15.0000,0.033840,0.143788
2860,79.625088,73.930065,15.0000,0.033834,0.143894
2861,79.678471,74.678163,15.0000,0.033829,0.144009
2862,79.724818,75.426730,15.0000,0.033824,0.144131
2863,79.764125,76.175699,15.0000,0.033821,0.144260
2864,79.796392,76.925004,15.0000,0.031491,0.144378
2865,79.821615,77.674580,15.0000,0.034360,0.144515
2866,79.840278,78.424348,15.0000,0.034052,0.144172
2867,79.851781,79.174260,15.0000,0.034035,0.143946
2868,79.856188,79.924247,15.0000,0.033999,0.143773
2869,79.853502,80.674242,15.0000,0.033970,0.143650
2870,79.843729,81.424178,15.0000,0.033945,0.143568
2871,79.826879,82.173989,15.0000,0.033923,0.143523
2872,79.802956,82.923607,15.0000,0.033905,0.143508
2873,79.771968,83.672967,15.0000,0.033890,0.143519
2874,79.733921,84.422001,15.0000,0.033876,0.143553
2875,79.688822,85.170644,15.0000,0.033865,0.143607
2876,79.636678,85.918829,15.0000,0.033855,0.143676
2877,79.577495,86.666490,15.0000,0.033847,0.143760
2878,79.511281,87.413562,15.0000,0.033840,0.143856
2879,79.438044,88.159977,15.0000,0.033834,0.143962
2880,79.357790,88.905671,15.0000,0.033829,0.144077
2881,79.270530,89.650578,15.0000,0.033825,0.144200
2882,79.176271,90.394631,15.0000,0.031494,0.144312
2883,79.075022,91.137765,15.0000,0.034363,0.144445
2884,78.967275,91.879985,15.0000,0.034055,0.144098
2885,78.852444,92.621143,15.0000,0.034037,0.143868
2886,78.730606,93.361180,15.0000,0.034001,0.143692
2887,78.601773,94.100032,15.0000,0.033971,0.143566
2888,78.465965,94.837633,15.0000,0.033946,0.143483
2889,78.323200,95.573920,15.0000,0.033925,0.143435
2890,78.173496,96.308828,15.0000,0.033906,0.143419
2891,78.016871,97.042291,15.0000,0.033890,0.143429
2892,77.853343,97.774246,15.0000,0.033877,0.143462
2893,77.682928,98.504629,15.0000,0.033866,0.143514
2894,77.505645,99.233375,15.0000,0.033856,0.143583
2895,77.321513,99.960420,15.0000,0.033847,0.143666
2896,77.130548,100.685701,15.0000,0.033840,0.143761
2897,76.932770,101.409154,15.0000,0.033834,0.143867
2898,76.728198,102.130715,15.0000,0.033829,0.143981
2899,76.516852,102.850321,15.0000,0.033825,0.144104
2900,76.298749,103.567908,15.0000,0.033821,0.144232
2901,76.073912,104.283414,15.0000,0.031491,0.144350
2902,75.842360,104.996775,15.0000,0.034360,0.144487
2903,75.604575,105.708082,15.0000,0.034052,0.144143
2904,75.360009,106.417087,15.0000,0.034035,0.143917
2905,75.108745,107.123745,15.0000,0.033999,0.143744
2906,74.850809,107.827996,15.0000,0.033970,0.143621
2907,74.586231,108.529778,15.0000,0.033945,0.143539
2908,74.315040,109.229032,15.0000,0.033923,0.143493
2909,74.037265,109.925696,15.0000,0.033905,0.143479
2910,73.752936,110.619711,15.0000,0.033890,0.143490
2911,73.462080,111.311016,15.0000,0.033876,0.143524
2912,73.164727,111.999552,15.0000,0.033865,0.143577
2913,72.860906,112.685258,15.0000,0.033855,0.143647
2914,72.550645,113.368074,15.0000,0.033847,0.143730
2915,72.233975,114.047942,15.0000,0.033840,0.143826
2916,71.910923,114.724801,15.0000,0.033834,0.143932
2917,71.581522,115.398592,15.0000,0.033829,0.144047
2918,71.245800,116.069256,15.0000,0.033824,0.144170
2919,70.903788,116.736735,15.0000,0.031494,0.144283
2920,70.555518,117.400970,15.0000,0.034363,0.144416
2921,70.201448,118.062132,15.0000,0.034055,0.144068
2922,69.841081,118.719882,15.0000,0.034037,0.143839
2923,69.474506,119.374193,15.0000,0.034001,0.143663
2924,69.101759,120.025007,15.0000,0.033971,0.143537
2925,68.722879,120.672271,15.0000,0.033946,0.143453
2926,68.337906,121.315929,15.0000,0.033925,0.143406
2927,67.946878,121.955927,15.0000,0.033906,0.143390
2928,67.549835,122.592210,15.0000,0.033890,0.143400
2929,67.146814,123.224724,15.0000,0.033877,0.143433
2930,66.737855,123.853415,15.0000,0.033866,0.143485
2931,66.322995,124.478228,15.0000,0.033856,0.143554
2932,65.902274,125.099110,15.0000,0.033847,0.143637
2933,65.475730,125.716005,15.0000,0.033840,0.143732
2934,65.043403,126.328862,15.0000,0.033834,0.143837
2935,64.605332,126.937626,15.0000,0.033829,0.143952
2936,64.161557,127.542245,15.0000,0.033825,0.144074
2937,63.712117,128.142665,15.0000,0.033821,0.144203
2938,63.257055,128.738834,15.0000,0.031491,0.144320
2939,62.796409,129.330700,15.0000,0.034360,0.144458
2940,62.330602,129.918513,15.0000,0.034052,0.144114
2941,61.859204,130.501852,15.0000,0.034035,0.143888
2942,61.382307,131.080703,15.0000,0.033999,0.143715
2943,60.899956,131.655018,15.0000,0.033970,0.143591
2944,60.412201,132.224751,15.0000,0.033945,0.143510
2945,59.919090,132.789854,15.0000,0.033923,0.143464
2946,59.420671,133.350281,15.0000,0.033905,0.143449
2947,58.916990,133.905984,15.0000,0.033890,0.143461
2948,58.408097,134.456917,15.0000,0.033876,0.143495
2949,57.894037,135.003033,15.0000,0.033865,0.143548
2950,57.374860,135.544286,15.0000,0.033855,0.143618
2951,56.850612,136.080630,15.0000,0.033847,0.143701
2952,56.321342,136.612017,15.0000,0.033840,0.143797
2953,55.787097,137.138403,15.0000,0.033834,0.143903
2954,55.247926,137.659743,15.0000,0.033829,0.144018
2955,54.703877,138.175989,15.0000,0.033824,0.144141
2956,54.154999,138.687099,15.0000,0.033821,0.144270
2957,53.601341,139.193027,15.0000,0.031491,0.144387
2958,53.042954,139.693730,15.0000,0.034360,0.144525
2959,52.480206,140.189527,15.0000,0.034052,0.144181
2960,51.912750,140.679929,15.0000,0.034035,0.143955
2961,51.340679,141.164939,15.0000,0.033999,0.143782
2962,50.764046,141.644517,15.0000,0.033970,0.143659
2963,50.182909,142.118625,15.0000,0.033945,0.143577
2964,49.597322,142.587227,15.0000,0.033923,0.143532
2965,49.007340,143.050285,15.0000,0.033905,0.143517
2966,48.413020,143.507760,15.0000,0.033890,0.143529
2967,47.814416,143.959616,15.0000,0.033876,0.143563
2968,47.211584,144.405814,15.0000,0.033865,0.143616
2969,46.604578,144.846317,15.0000,0.033855,0.143685
2970,45.993453,145.281089,15.0000,0.033847,0.143769
2971,45.378265,145.710093,15.0000,0.033840,0.143865
2972,44.759070,146.133291,15.0000,0.033834,0.143971
2973,44.135922,146.550648,15.0000,0.033829,0.144086
2974,43.508878,146.962128,15.0000,0.033825,0.144209
2975,42.877994,147.367696,15.0000,0.031494,0.144321
2976,42.243325,147.767315,15.0000,0.034363,0.144454
2977,41.605184,148.161366,15.0000,0.034055,0.144107
2978,40.963309,148.549304,15.0000,0.034037,0.143877
2979,40.317791,148.931152,15.0000,0.034001,0.143701
2980,39.668691,149.306876,15.0000,0.033971,0.143575
2981,39.016070,149.676451,15.0000,0.033946,0.143492
2982,38.359989,150.039849,15.0000,0.033925,0.143444
2983,37.700510,150.397042,15.0000,0.033906,0.143428
2984,37.037692,150.748002,15.0000,0.033890,0.143438
2985,36.371598,151.092702,15.0000,0.033877,0.143471
2986,35.702286,151.431113,15.0000,0.033866,0.143523
2987,35.029819,151.763209,15.0000,0.033856,0.143592
2988,34.354256,152.088962,15.0000,0.033847,0.143675
2989,33.675658,152.408344,15.0000,0.033840,0.143770
2990,32.994087,152.721330,15.0000,0.033834,0.143876
2991,32.309602,153.027893,15.0000,0.033829,0.143990
2992,31.622265,153.328007,15.0000,0.033825,0.144113
2993,30.932138,153.621647,15.0000,0.033821,0.144241
2994,30.239281,153.908786,15.0000,0.031491,0.144359
2995,29.543756,154.189402,15.0000,0.034360,0.144496
2996,28.845802,154.463921,15.0000,0.034052,0.144152
2997,28.145259,154.731763,15.0000,0.034035,0.143926
2998,27.442213,154.992964,15.0000,0.033999,0.143753
2999,26.736728,155.247504,15.0000,0.033970,0.143630
3000,26.028870,155.495368,15.0000,0.033945,0.143548
3001,25.318703,155.736539,15.0000,0.033923,0.143502
3002,24.606293,155.971000,15.0000,0.033905,0.143488
3003,23.891705,156.198735,15.0000,0.033890,0.143499
3004,23.175002,156.419728,15.0000,0.033876,0.143533
3005,22.456251,156.633961,15.0000,0.033865,0.143586
3006,21.735514,156.841419,15.0000,0.033855,0.143656
3007,21.012857,157.042085,15.0000,0.033847,0.143739
3008,20.288344,157.235944,15.0000,0.033840,0.143835
3009,19.562040,157.422980,15.0000,0.033834,0.143941
3010,18.834009,157.603178,15.0000,0.033829,0.144056
3011,18.104317,157.776523,15.0000,0.033825,0.144179
3012,17.373027,157.943001,15.0000,0.031494,0.144292
3013,16.640204,158.102598,15.0000,0.034363,0.144425
3014,15.906013,158.255776,15.0000,0.034055,0.144077
3015,15.170393,158.401937,15.0000,0.034037,0.143848
3016,14.433423,158.541129,15.0000,0.034001,0.143672
3017,13.695169,158.673345,15.0000,0.033971,0.143546
3018,12.955698,158.798580,15.0000,0.033946,0.143462
3019,12.215079,158.916828,15.0000,0.033925,0.143415
3020,11.473377,159.028085,15.0000,0.033906,0.143398
3021,10.730659,159.132346,15.0000,0.033890,0.143409
3022,9.986992,159.229603,15.0000,0.033877,0.143441
3023,9.242442,159.319853,15.0000,0.033866,0.143494
3024,8.497075,159.403090,15.0000,0.033856,0.143563
3025,7.750958,159.479309,15.0000,0.033847,0.143646
3026,7.004157,159.548506,15.0000,0.033840,0.143741
3027,6.256738,159.610675,15.0000,0.033834,0.143846
3028,5.508767,159.665813,15.0000,0.033829,0.143961
3029,4.760311,159.713916,15.0000,0.033825,0.144083
3030,4.011437,159.754982,15.0000,0.033821,0.144212
3031,3.262209,159.789006,15.0000,0.031491,0.144329
3032,2.512694,159.815988,15.0000,0.034360,0.144467
3033,1.762972,159.836410,15.0000,0.034052,0.144123
3034,1.013090,159.849673,15.0000,0.034035,0.143897
3035,0.263115,159.855840,15.0000,0.033999,0.143724
3036,-0.486884,159.854913,15.0000,0.033970,0.143600
3037,-1.236842,159.846901,15.0000,0.033945,0.143519
3038,-1.986690,159.831809,15.0000,0.033923,0.143473
3039,-2.736362,159.809645,15.0000,0.033905,0.143458
3040,-3.485792,159.780416,15.0000,0.033890,0.143470
3041,-4.234914,159.744126,15.0000,0.033876,0.143504
3042,-4.983661,159.700784,15.0000,0.033865,0.143557
3043,-5.731966,159.650395,15.0000,0.033855,0.143626
3044,-6.479764,159.592967,15.0000,0.033847,0.143710
3045,-7.226989,159.528506,15.0000,0.033840,0.143806
3046,-7.973574,159.457020,15.0000,0.033834,0.143912
3047,-8.719454,159.378517,15.0000,0.033829,0.144027
3048,-9.464563,159.293004,15.0000,0.033824,0.144149
3049,-10.208836,159.200491,15.0000,0.033821,0.144278
3050,-10.952206,159.100987,15.0000,0.031491,0.144396
3051,-11.694608,158.994500,15.0000,0.034360,0.144533
3052,-12.436049,158.881522,15.0000,0.034052,0.144190
3053,-13.176379,158.761469,15.0000,0.034035,0.143964
3054,-13.915539,158.634417,15.0000,0.033999,0.143791
3055,-14.653464,158.500379,15.0000,0.033970,0.143667
3056,-15.390090,158.359375,15.0000,0.033945,0.143586
3057,-16.125353,158.211425,15.0000,0.033923,0.143541
3058,-16.859187,158.056545,15.0000,0.033905,0.143526
3059,-17.591528,157.894755,15.0000,0.033890,0.143537
3060,-18.322313,157.726072,15.0000,0.033876,0.143571
3061,-19.051476,157.550515,15.0000,0.033865,0.143624
3062,-19.778955,157.368101,15.0000,0.033855,0.143694
3063,-20.504685,157.178850,15.0000,0.033847,0.143778
3064,-21.228602,156.982780,15.0000,0.033840,0.143874
3065,-21.950643,156.779909,15.0000,0.033834,0.143980
3066,-22.670745,156.570258,15.0000,0.033829,0.144095
3067,-23.388844,156.353845,15.0000,0.033825,0.144217
3068,-24.104876,156.130692,15.0000,0.031494,0.144330
3069,-24.818780,155.900819,15.0000,0.034363,0.144463
3070,-25.530644,155.664707,15.0000,0.034055,0.144115
3071,-26.240222,155.421808,15.0000,0.034037,0.143886
3072,-26.947469,155.172206,15.0000,0.034001,0.143710
3073,-27.652324,154.915925,15.0000,0.033971,0.143584
3074,-28.354725,154.652996,15.0000,0.033946,0.143500
3075,-29.054614,154.383448,15.0000,0.033925,0.143453
3076,-29.751929,154.107309,15.0000,0.033906,0.143437
3077,-30.446609,153.824610,15.0000,0.033890,0.143447
3078,-31.138595,153.535378,15.0000,0.033877,0.143480
3079,-31.827827,153.239642,15.0000,0.033866,0.143532
3080,-32.514244,152.937431,15.0000,0.033856,0.143601
3081,-33.197787,152.628774,15.0000,0.033847,0.143684
3082,-33.878396,152.313700,15.0000,0.033840,0.143779
3083,-34.556011,151.992238,15.0000,0.033834,0.143885
3084,-35.230573,151.664419,15.0000,0.033829,0.143999
3085,-35.902024,151.330272,15.0000,0.033825,0.144121
3086,-36.570303,150.989827,15.0000,0.033821,0.144250
3087,-37.235354,150.643117,15.0000,0.031491,0.144367
3088,-37.897116,150.290171,15.0000,0.034360,0.144505
3089,-38.555765,149.931448,15.0000,0.034052,0.144161
3090,-39.210958,149.566453,15.0000,0.034035,0.143935
3091,-39.862668,149.195275,15.0000,0.033999,0.143762
3092,-40.510839,148.817949,15.0000,0.033970,0.143638
3093,-41.155416,148.434516,15.0000,0.033945,0.143556
3094,-41.796345,148.045016,15.0000,0.033924,0.143511
3095,-42.433571,147.649488,15.0000,0.033905,0.143496
3096,-43.067041,147.247970,15.0000,0.033890,0.143508
3097,-43.696699,146.840502,15.0000,0.033876,0.143541
3098,-44.322492,146.427122,15.0000,0.033865,0.143595
3099,-44.944366,146.007870,15.0000,0.033855,0.143664
3100,-45.562268,145.582784,15.0000,0.033847,0.143748
3101,-46.176142,145.151904,15.0000,0.033840,0.143844
3102,-46.785937,144.715269,15.0000,0.033834,0.143950
3103,-47.391600,144.272919,15.0000,0.033829,0.144065
3104,-47.993076,143.824894,15.0000,0.033825,0.144187
3105,-48.590314,143.371236,15.0000,0.031494,0.144300
3106,-49.183262,142.911983,15.0000,0.034363,0.144433
3107,-49.772169,142.447559,15.0000,0.034055,0.144086
3108,-50.356613,141.977533,15.0000,0.034037,0.143856
3109,-50.936584,141.501998,15.0000,0.034001,0.143680
3110,-51.512031,141.020998,15.0000,0.033971,0.143554
3111,-52.082907,140.534583,15.0000,0.033946,0.143471
3112,-52.649167,140.042800,15.0000,0.033925,0.143423
3113,-53.210762,139.545698,15.0000,0.033906,0.143407
3114,-53.767646,139.043323,15.0000,0.033890,0.143417
3115,-54.319773,138.535724,15.0000,0.033877,0.143450
3116,-54.867094,138.022948,15.0000,0.033866,0.143502
3117,-55.409564,137.505043,15.0000,0.033856,0.143571
3118,-55.947136,136.982055,15.0000,0.033847,0.143654
3119,-56.479764,136.454033,15.0000,0.033840,0.143749
3120,-57.007403,135.921025,15.0000,0.033834,0.143855
3121,-57.530006,135.383078,15.0000,0.033829,0.143969
3122,-58.047528,134.840242,15.0000,0.033825,0.144091
3123,-58.559924,134.292565,15.0000,0.033821,0.144220
3124,-59.067150,133.740097,15.0000,0.031491,0.144338
3125,-59.569161,133.182885,15.0000,0.034360,0.144475
3126,-60.066278,132.621302,15.0000,0.034052,0.144131
3127,-60.558009,132.054998,15.0000,0.034035,0.143905
3128,-61.044360,131.484067,15.0000,0.033999,0.143732
3129,-61.525290,130.908561,15.0000,0.033970,0.143608
3130,-62.000760,130.328537,15.0000,0.033945,0.143527
3131,-62.470735,129.744051,15.0000,0.033923,0.143481
3132,-62.935175,129.155158,15.0000,0.033905,0.143467
3133,-63.394044,128.561913,15.0000,0.033890,0.143478
3134,-63.847302,127.964371,15.0000,0.033876,0.143512
3135,-64.294914,127.362587,15.0000,0.033865,0.143565
3136,-64.736840,126.756616,15.0000,0.033855,0.143635
3137,-65.173045,126.146513,15.0000,0.033847,0.143718
3138,-65.603490,125.532333,15.0000,0.033840,0.143814
3139,-66.028140,124.914132,15.0000,0.033834,0.143920
3140,-66.446958,124.291966,15.0000,0.033829,0.144035
3141,-66.859908,123.665889,15.0000,0.033824,0.144158
3142,-67.266955,123.035957,15.0000,0.033821,0.144287
3143,-67.668062,122.402228,15.0000,0.031491,0.144404
3144,-68.063196,121.764757,15.0000,0.034360,0.144542
3145,-68.452737,121.123853,15.0000,0.034052,0.144198
3146,-68.836141,120.479259,15.0000,0.034035,0.143972
3147,-69.213428,119.831066,15.0000,0.033999,0.143799
3148,-69.584567,119.179333,15.0000,0.033970,0.143676
3149,-69.949533,118.524123,15.0000,0.033945,0.143594
3150,-70.308298,117.865498,15.0000,0.033923,0.143549
3151,-70.660834,117.203517,15.0000,0.033905,0.143534
3152,-71.007114,116.538243,15.0000,0.033890,0.143546
3153,-71.347111,115.869735,15.0000,0.033876,0.143580
3154,-71.680797,115.198056,15.0000,0.033865,0.143633
3155,-72.008146,114.523265,15.0000,0.033855,0.143702
3156,-72.329130,113.845423,15.0000,0.033847,0.143786
3157,-72.643723,113.164592,15.0000,0.033840,0.143882
3158,-72.951898,112.480832,15.0000,0.033834,0.143988
3159,-73.253630,111.794204,15.0000,0.033829,0.144103
3160,-73.548894,111.104770,15.0000,0.033825,0.144226
3161,-73.837663,110.412590,15.0000,0.031494,0.144338
3162,-74.119913,109.717727,15.0000,0.034363,0.144471
3163,-74.396072,109.020421,15.0000,0.034055,0.144124
3164,-74.665560,108.320509,15.0000,0.034037,0.143894
3165,-74.928413,107.618079,15.0000,0.034001,0.143718
3166,-75.184609,106.913193,15.0000,0.033971,0.143592
3167,-75.434135,106.205919,15.0000,0.033946,0.143509
3168,-75.676973,105.496321,15.0000,0.033925,0.143461
3169,-75.913106,104.784463,15.0000,0.033906,0.143445
3170,-76.142518,104.070411,15.0000,0.033890,0.143455
3171,-76.365193,103.354230,15.0000,0.033877,0.143488
3172,-76.581112,102.635983,15.0000,0.033866,0.143540
3173,-76.790261,101.915735,15.0000,0.033856,0.143609
3174,-76.992623,101.193551,15.0000,0.033847,0.143692
3175,-77.188182,100.469495,15.0000,0.033840,0.143787
3176,-77.376921,99.743632,15.0000,0.033834,0.143893
3177,-77.558827,99.016026,15.0000,0.033829,0.144007
3178,-77.733884,98.286742,15.0000,0.033825,0.144129
3179,-77.902077,97.555845,15.0000,0.033821,0.144258
3180,-78.063394,96.823399,15.0000,0.031491,0.144375
3181,-78.217819,96.089469,15.0000,0.034360,0.144513
3182,-78.365817,95.354216,15.0000,0.034052,0.144169
3183,-78.506787,94.617584,15.0000,0.034035,0.143943
3184,-78.640781,93.879651,15.0000,0.033999,0.143770
3185,-78.767789,93.140483,15.0000,0.033970,0.143646
3186,-78.887808,92.400148,15.0000,0.033945,0.143565
3187,-79.000834,91.658714,15.0000,0.033924,0.143519
3188,-79.106861,90.916246,15.0000,0.033905,0.143504
3189,-79.205884,90.172812,15.0000,0.033890,0.143516
3190,-79.297899,89.428478,15.0000,0.033876,0.143550
3191,-79.382899,88.683310,15.0000,0.033865,0.143603
3192,-79.460882,87.937375,15.0000,0.033855,0.143672
3193,-79.531841,87.190740,15.0000,0.033847,0.143756
3194,-79.595773,86.443469,15.0000,0.033840,0.143852
3195,-79.652674,85.695631,15.0000,0.033834,0.143958
3196,-79.702540,84.947291,15.0000,0.033829,0.144073
3197,-79.745368,84.198514,15.0000,0.033825,0.144195
3198,-79.781155,83.449369,15.0000,0.031494,0.144308
3199,-79.809900,82.699920,15.0000,0.034363,0.144441
3200,-79.832084,81.950248,15.0000,0.034055,0.144094
3201,-79.847110,81.200398,15.0000,0.034037,0.143864
3202,-79.855038,80.450440,15.0000,0.034001,0.143688
3203,-79.855873,79.700441,15.0000,0.033971,0.143562
3204,-79.849622,78.950467,15.0000,0.033946,0.143479
3205,-79.836291,78.200585,15.0000,0.033925,0.143431
3206,-79.815888,77.450863,15.0000,0.033906,0.143415
3207,-79.788418,76.701366,15.0000,0.033890,0.143425
3208,-79.753887,75.952162,15.0000,0.033877,0.143458
3209,-79.712302,75.203315,15.0000,0.033866,0.143510
3210,-79.663670,74.454894,15.0000,0.033856,0.143579
3211,-79.607996,73.706963,15.0000,0.033847,0.143662
3212,-79.545289,72.959589,15.0000,0.033840,0.143757
3213,-79.475555,72.212838,15.0000,0.033834,0.143863
3214,-79.398802,71.466776,15.0000,0.033829,0.143977
3215,-79.315038,70.721468,15.0000,0.033825,0.144099
3216,-79.224271,69.976980,15.0000,0.033821,0.144228
3217,-79.126511,69.233379,15.0000,0.031491,0.144345
3218,-79.021767,68.490729,15.0000,0.034360,0.144483
3219,-78.910529,67.749025,15.0000,0.034052,0.144139
3220,-78.792213,67.008416,15.0000,0.034035,0.143913
3221,-78.666895,66.268960,15.0000,0.033999,0.143740
3222,-78.534589,65.530722,15.0000,0.033970,0.143616
3223,-78.395314,64.793767,15.0000,0.033945,0.143535
3224,-78.249088,64.058160,15.0000,0.033923,0.143489
3225,-78.095931,63.323964,15.0000,0.033905,0.143474
3226,-77.935859,62.591245,15.0000,0.033890,0.143486
3227,-77.768891,61.860067,15.0000,0.033876,0.143520
3228,-77.595045,61.130494,15.0000,0.033865,0.143573
3229,-77.414339,60.402589,15.0000,0.033855,0.143643
3230,-77.226790,59.676417,15.0000,0.033847,0.143726
3231,-77.032419,58.952042,15.0000,0.033840,0.143822
3232,-76.831243,58.229526,15.0000,0.033834,0.143928
3233,-76.623281,57.508935,15.0000,0.033829,0.144043
3234,-76.408554,56.790331,15.0000,0.033824,0.144166
3235,-76.187082,56.073776,15.0000,0.031494,0.144279
3236,-75.958884,55.359336,15.0000,0.034363,0.144412
3237,-75.724442,54.646919,15.0000,0.034055,0.144064
3238,-75.483209,53.936774,15.0000,0.034037,0.143835
3239,-75.235266,53.228943,15.0000,0.034001,0.143659
3240,-74.980639,52.523489,15.0000,0.033971,0.143533
3241,-74.719359,51.820472,15.0000,0.033946,0.143449
3242,-74.451453,51.119953,15.0000,0.033924,0.143402
3243,-74.176952,50.421993,15.0000,0.033906,0.143385
3244,-73.895883,49.726651,15.0000,0.033890,0.143396
3245,-73.608276,49.033988,15.0000,0.033877,0.143428
3246,-73.314157,48.344065,15.0000,0.033866,0.143481
3247,-73.013558,47.656940,15.0000,0.033856,0.143550
3248,-72.706505,46.972675,15.0000,0.033847,0.143633
3249,-72.393028,46.291329,15.0000,0.033840,0.143728
3250,-72.073157,45.612962,15.0000,0.033834,0.143833
3251,-71.746921,44.937632,15.0000,0.033829,0.143948
3252,-71.414350,44.265400,15.0000,0.033825,0.144070
3253,-71.075474,43.596323,15.0000,0.033821,0.144199
3254,-70.730325,42.930461,15.0000,0.031491,0.144316
3255,-70.378933,42.267873,15.0000,0.034360,0.144454
3256,-70.021757,41.608384,15.0000,0.034052,0.144110
3257,-69.658300,40.952336,15.0000,0.034035,0.143884
3258,-69.288651,40.299757,15.0000,0.033999,0.143711
3259,-68.912847,39.650703,15.0000,0.033970,0.143587
3260,-68.530928,39.005228,15.0000,0.033945,0.143506
3261,-68.142932,38.363387,15.0000,0.033923,0.143460
3262,-67.748900,37.725235,15.0000,0.033905,0.143445
3263,-67.348870,37.090825,15.0000,0.033890,0.143457
3264,-66.942880,36.460213,15.0000,0.033876,0.143491
3265,-66.530969,35.833451,15.0000,0.033865,0.143544
3266,-66.113177,35.210595,15.0000,0.033855,0.143614
3267,-65.689542,34.591698,15.0000,0.033847,0.143697
3268,-65.260103,33.976814,15.0000,0.033840,0.143793
3269,-64.824900,33.365997,15.0000,0.033834,0.143899
3270,-64.383973,32.759298,15.0000,0.033829,0.144014
3271,-63.937360,32.156772,15.0000,0.033824,0.144137
3272,-63.485104,31.558471,15.0000,0.033821,0.144266
3273,-63.027244,30.964447,15.0000,0.031491,0.144383
3274,-62.563822,30.374753,15.0000,0.034360,0.144521
3275,-62.095257,29.789136,15.0000,0.034052,0.144177
3276,-61.621122,29.208019,15.0000,0.034035,0.143951
3277,-61.141510,28.631416,15.0000,0.033999,0.143778
3278,-60.656466,28.059374,15.0000,0.033970,0.143655
3279,-60.166039,27.491940,15.0000,0.033945,0.143573
3280,-59.670277,26.929160,15.0000,0.033923,0.143528
3281,-59.169229,26.371083,15.0000,0.033905,0.143513
3282,-58.662943,25.817753,15.0000,0.033890,0.143525
3283,-58.151465,25.269217,15.0000,0.033876,0.143559
3284,-57.634845,24.725523,15.0000,0.033865,0.143612
3285,-57.113129,24.186716,15.0000,0.033855,0.143681
3286,-56.586367,23.652843,15.0000,0.033847,0.143765
3287,-56.054604,23.123948,15.0000,0.033840,0.143861
3288,-55.517891,22.600079,15.0000,0.033834,0.143967
3289,-54.976276,22.081280,15.0000,0.033829,0.144082
3290,-54.429807,21.567596,15.0000,0.033825,0.144205
3291,-53.878533,21.059071,15.0000,0.031494,0.144317
3292,-53.322504,20.555751,15.0000,0.034363,0.144450
3293,-52.762091,20.057315,15.0000,0.034055,0.144103
3294,-52.196945,19.564254,15.0000,0.034037,0.143873
3295,-51.627158,19.076563,15.0000,0.034001,0.143697
3296,-51.052783,18.594283,15.0000,0.033971,0.143571
3297,-50.473878,18.117451,15.0000,0.033946,0.143488
3298,-49.890497,17.646105,15.0000,0.033925,0.143440
3299,-49.302696,17.180284,15.0000,0.033906,0.143424
3300,-48.710530,16.720024,15.0000,0.033890,0.143434
3301,-48.114053,16.265364,15.0000,0.033877,0.143467
3302,-47.513321,15.816341,15.0000,0.033866,0.143519
3303,-46.908389,15.372993,15.0000,0.033856,0.143588
3304,-46.299312,14.935358,15.0000,0.033847,0.143671
3305,-45.686144,14.503472,15.0000,0.033840,0.143766
3306,-45.068941,14.077373,15.0000,0.033834,0.143872
3307,-44.447759,13.657096,15.0000,0.033829,0.143986
3308,-43.822653,13.242678,15.0000,0.033825,0.144109
3309,-43.193679,12.834155,15.0000,0.033821,0.144237
3310,-42.560892,12.431561,15.0000,0.031491,0.144355
3311,-41.924350,12.034933,15.0000,0.034360,0.144492
3312,-41.284362,11.643889,15.0000,0.034052,0.144148
3313,-40.640669,11.258974,15.0000,0.034035,0.143922
3314,-39.993363,10.880167,15.0000,0.033999,0.143749
3315,-39.342503,10.507500,15.0000,0.033970,0.143626
3316,-38.688151,10.140998,15.0000,0.033945,0.143544
3317,-38.030369,9.780689,15.0000,0.033923,0.143498
3318,-37.369217,9.426600,15.0000,0.033905,0.143484
3319,-36.704757,9.078760,15.0000,0.033890,0.143495
3320,-36.037049,8.737196,15.0000,0.033876,0.143529
3321,-35.366154,8.401935,15.0000,0.033865,0.143582
3322,-34.692133,8.073004,15.0000,0.033855,0.143652
3323,-34.015047,7.750430,15.0000,0.033847,0.143736
3324,-33.334955,7.434241,15.0000,0.033840,0.143831
3325,-32.651920,7.124462,15.0000,0.033834,0.143937
3326,-31.966002,6.821120,15.0000,0.033829,0.144052
3327,-31.277262,6.524240,15.0000,0.033824,0.144175
3328,-30.585762,6.233847,15.0000,0.031494,0.144288
3329,-29.891563,5.949967,15.0000,0.034363,0.144421
3330,-29.194907,5.672173,15.0000,0.034055,0.144073
3331,-28.495629,5.401044,15.0000,0.034037,0.143844
3332,-27.793818,5.136544,15.0000,0.034001,0.143668
3333,-27.089535,4.878694,15.0000,0.033971,0.143542
3334,-26.382848,4.627510,15.0000,0.033946,0.143458
3335,-25.673822,4.383008,15.0000,0.033925,0.143411
3336,-24.962520,4.145205,15.0000,0.033906,0.143395
3337,-24.249009,3.914118,15.0000,0.033890,0.143405
3338,-23.533351,3.689764,15.0000,0.033877,0.143438
3339,-22.815613,3.472160,15.0000,0.033866,0.143490
3340,-22.095858,3.261322,15.0000,0.033856,0.143559
3341,-21.374151,3.057266,15.0000,0.033847,0.143642
3342,-20.650556,2.860010,15.0000,0.033840,0.143737
3343,-19.925137,2.669567,15.0000,0.033834,0.143842
3344,-19.197960,2.485955,15.0000,0.033829,0.143957
3345,-18.469089,2.309187,15.0000,0.033825,0.144079
3346,-17.738588,2.139280,15.0000,0.033821,0.144208
3347,-17.006523,1.976245,15.0000,0.031491,0.144325
3348,-16.272958,1.820098,15.0000,0.034360,0.144463
3349,-15.538054,1.670376,15.0000,0.034052,0.144119
3350,-14.801754,1.527678,15.0000,0.034035,0.143893
3351,-14.064137,1.391953,15.0000,0.033999,0.143720
3352,-13.325270,1.263211,15.0000,0.033970,0.143596
3353,-12.585219,1.141455,15.0000,0.033945,0.143515
3354,-11.844051,1.026690,15.0000,0.033923,0.143469
3355,-11.101835,0.918921,15.0000,0.033905,0.143454
3356,-10.358635,0.818154,15.0000,0.033890,0.143466
3357,-9.614519,0.724393,15.0000,0.033876,0.143500
3358,-8.869552,0.637644,15.0000,0.033865,0.143553
3359,-8.123803,0.557912,15.0000,0.033855,0.143623
3360,-7.377335,0.485201,15.0000,0.033847,0.143706
3361,-6.630217,0.419516,15.0000,0.033840,0.143802
3362,-5.882515,0.360860,15.0000,0.033834,0.143908
3363,-5.134293,0.309239,15.0000,-0.003004,0.144023
3364,-4.385620,0.264654,15.0000,0.000192,0.144146
3365,-3.636983,0.219444,15.0000,-0.000006,0.136599
3366,-2.888345,0.174275,15.0000,-0.000000,0.122033
3367,-2.139706,0.129104,15.0000,-0.000000,0.100445
3368,-1.391068,0.083933,15.0000,-0.000000,0.071824
3369,-0.642429,0.038762,15.0000,-0.000000,0.036179
3370,0.106209,-0.006408,15.0000,0.100000,-0.006480
3371,0.854848,-0.051579,15.0000,0.200000,-0.056143
3372,1.604454,-0.075870,15.0000,0.213064,-0.091940
3373,2.354240,-0.057936,15.0000,0.113064,-0.092539
3374,3.101595,0.004999,15.0000,0.013064,-0.055100
3375,3.846593,0.091471,15.0000,-0.086936,-0.001048
3376,4.591273,0.180646,15.0000,-0.037468,0.048704
3377,5.337893,0.251768,15.0000,0.030382,0.073320
3378,6.085213,0.315112,15.0000,0.027349,0.083095
3379,6.831972,0.384763,15.0000,0.028600,0.092164
3380,7.578180,0.460087,15.0000,0.029320,0.099894
3381,8.323766,0.541338,15.0000,0.029968,0.106544
3382,9.068665,0.628660,15.0000,0.030519,0.112264
3383,9.812811,0.722182,15.0000,0.030990,0.117188
3384,10.556138,0.822010,15.0000,0.029222,0.121430
3385,11.298577,0.928236,15.0000,0.032226,0.125090
3386,12.040129,1.040487,15.0000,0.032243,0.127797
3387,12.780647,1.159373,15.0000,0.032487,0.130177
3388,13.520069,1.284890,15.0000,0.032675,0.132235
3389,14.258328,1.417076,15.0000,0.032838,0.134020
3390,14.995357,1.555959,15.0000,0.032977,0.135572
3391,15.731088,1.701562,15.0000,0.033095,0.136925
3392,16.465454,1.853901,15.0000,0.030911,0.138090
3393,17.198387,2.012987,15.0000,0.033814,0.139125
3394,17.929927,2.178362,15.0000,0.033590,0.139558
3395,18.659882,2.350603,15.0000,0.033640,0.139994
3396,19.388196,2.529650,15.0000,0.033661,0.140388
3397,20.114805,2.715498,15.0000,0.033681,0.140749
3398,20.839644,2.908134,15.0000,0.033698,0.141081
3399,21.562648,3.107545,15.0000,0.033713,0.141390
3400,22.283753,3.313718,15.0000,0.033725,0.141678
3401,23.002896,3.526637,15.0000,0.033736,0.141949
3402,23.720011,3.746286,15.0000,0.033745,0.142204
3403,24.435035,3.972649,15.0000,0.033752,0.142447
3404,25.147906,4.205705,15.0000,0.033759,0.142679
3405,25.858559,4.445438,15.0000,0.033765,0.142901
3406,26.566933,4.691827,15.0000,0.033770,0.143116
3407,27.272963,4.944851,15.0000,0.033774,0.143324
3408,27.976588,5.204489,15.0000,0.033777,0.143526
3409,28.677745,5.470720,15.0000,0.033780,0.143723
3410,29.376372,5.743519,15.0000,0.031459,0.143899
3411,30.072408,6.022865,15.0000,0.034330,0.144087
3412,30.765976,6.308284,15.0000,0.034026,0.143787
3413,31.456789,6.600307,15.0000,0.034013,0.143597
3414,32.144810,6.898849,15.0000,0.033980,0.143456
3415,32.829979,7.203880,15.0000,0.033954,0.143359
3416,33.512236,7.515367,15.0000,0.033931,0.143301
3417,34.191525,7.833277,15.0000,0.033912,0.143275
3418,34.867786,8.157578,15.0000,0.033895,0.143277
3419,35.540961,8.488238,15.0000,0.033881,0.143303
3420,36.210991,8.825223,15.0000,0.033869,0.143349
3421,36.877819,9.168502,15.0000,0.033859,0.143413
3422,37.541387,9.518041,15.0000,0.033850,0.143492
3423,38.201637,9.873808,15.0000,0.033842,0.143583
3424,38.858511,10.235770,15.0000,0.033836,0.143686
3425,39.511952,10.603893,15.0000,0.033831,0.143797
3426,40.161904,10.978143,15.0000,0.033826,0.143917
3427,40.808308,11.358488,15.0000,0.033822,0.144044
3428,41.451108,11.744891,15.0000,0.033819,0.144176
3429,42.090249,12.137318,15.0000,0.031490,0.144298
3430,42.725673,12.535735,15.0000,0.034359,0.144438
3431,43.357587,12.939696,15.0000,0.034051,0.144097
3432,43.985616,13.349672,15.0000,0.034034,0.143873
3433,44.609737,13.765573,15.0000,0.033998,0.143701
3434,45.229896,14.187357,15.0000,0.033969,0.143579
3435,45.846044,14.614981,15.0000,0.033944,0.143499
3436,46.458127,15.048402,15.0000,0.033923,0.143454
3437,47.066095,15.487577,15.0000,0.033905,0.143441
3438,47.669896,15.932464,15.0000,0.033889,0.143453
3439,48.269479,16.383020,15.0000,0.033876,0.143488
3440,48.864792,16.839202,15.0000,0.033865,0.143541
3441,49.455785,17.300968,15.0000,0.033855,0.143611
3442,50.042406,17.768275,15.0000,0.033847,0.143696
3443,50.624605,18.241079,15.0000,0.033840,0.143792
3444,51.202331,18.719339,15.0000,0.033834,0.143898
3445,51.775535,19.203010,15.0000,0.033829,0.144013
3446,52.344165,19.692049,15.0000,0.033824,0.144136
3447,52.908174,20.186412,15.0000,0.033821,0.144265
3448,53.467511,20.686054,15.0000,0.031491,0.144383
3449,54.022128,21.190930,15.0000,0.034360,0.144521
3450,54.572305,21.700641,15.0000,0.034052,0.144177
3451,55.117591,22.215581,15.0000,0.034035,0.143951
3452,55.657980,22.735658,15.0000,0.033999,0.143779
3453,56.193426,23.260822,15.0000,0.033970,0.143655
3454,56.723886,23.791022,15.0000,0.033945,0.143574
3455,57.249318,24.326205,15.0000,0.033923,0.143528
3456,57.769679,24.866321,15.0000,0.033905,0.143514
3457,58.284924,25.411318,15.0000,0.033890,0.143525
3458,58.795013,25.961145,15.0000,0.033876,0.143559
3459,59.299900,26.515752,15.0000,0.033865,0.143613
3460,59.799545,27.075086,15.0000,0.033855,0.143682
3461,60.293904,27.639098,15.0000,0.033847,0.143766
3462,60.782935,28.207736,15.0000,0.033840,0.143862
3463,61.266596,28.780948,15.0000,0.033834,0.143968
3464,61.744845,29.358683,15.0000,0.033829,0.144083
3465,62.217642,29.940888,15.0000,0.033824,0.144206
3466,62.684944,30.527513,15.0000,0.031494,0.144318
3467,63.146713,31.118503,15.0000,0.034363,0.144451
3468,63.603292,31.713512,15.0000,0.034055,0.144104
3469,64.054168,32.312854,15.0000,0.034037,0.143874
3470,64.499352,32.916436,15.0000,0.034001,0.143698
3471,64.938808,33.524201,15.0000,0.033971,0.143572
3472,65.372502,34.136092,15.0000,0.033946,0.143489
3473,65.800400,34.752049,15.0000,0.033925,0.143441
3474,66.222469,35.372015,15.0000,0.033906,0.143425
3475,66.638674,35.995932,15.0000,0.033890,0.143435
3476,67.048983,36.623743,15.0000,0.033877,0.143468
3477,67.453362,37.255390,15.0000,0.033866,0.143520
3478,67.851776,37.890816,15.0000,0.033856,0.143589
3479,68.244193,38.529963,15.0000,0.033847,0.143672
3480,68.630579,39.172774,15.0000,0.033840,0.143767
3481,69.010902,39.819190,15.0000,0.033834,0.143873
3482,69.385130,40.469155,15.0000,0.033829,0.143987
3483,69.753231,41.122608,15.0000,0.033825,0.144110
3484,70.115172,41.779494,15.0000,0.033821,0.144238
3485,70.470924,42.439752,15.0000,0.031491,0.144356
3486,70.820454,43.103325,15.0000,0.034360,0.144493
3487,71.164165,43.769930,15.0000,0.034052,0.144149
3488,71.501495,44.439787,15.0000,0.034035,0.143923
3489,71.832471,45.112806,15.0000,0.033999,0.143750
3490,72.157067,45.788925,15.0000,0.033970,0.143626
3491,72.475261,46.468081,15.0000,0.033945,0.143545
3492,72.787030,47.150210,15.0000,0.033923,0.143499
3493,73.092351,47.835250,15.0000,0.033905,0.143485
3494,73.391201,48.523137,15.0000,0.033890,0.143496
3495,73.683556,49.213809,15.0000,0.033876,0.143530
3496,73.969395,49.907204,15.0000,0.033865,0.143583
3497,74.248693,50.603259,15.0000,0.033855,0.143653
3498,74.521428,51.301912,15.0000,0.033847,0.143736
3499,74.787579,52.003099,15.0000,0.033840,0.143832
3500,75.047123,52.706759,15.0000,0.033834,0.143938
3501,75.300039,53.412828,15.0000,0.033829,0.144053
3502,75.546306,54.121244,15.0000,0.033824,0.144176
3503,75.785902,54.831943,15.0000,0.031494,0.144289
3504,76.018807,55.544863,15.0000,0.034363,0.144422
3505,76.245465,56.259794,15.0000,0.034055,0.144074
3506,76.465285,56.976857,15.0000,0.034037,0.143845
3507,76.678310,57.695968,15.0000,0.034001,0.143669
3508,76.884524,58.417061,15.0000,0.033971,0.143543
3509,77.083916,59.140071,15.0000,0.033946,0.143459
3510,77.276474,59.864930,15.0000,0.033925,0.143412
3511,77.462185,60.591574,15.0000,0.033906,0.143395
3512,77.641039,61.319936,15.0000,0.033890,0.143406
3513,77.813021,62.049952,15.0000,0.033877,0.143438
3514,77.978122,62.781554,15.0000,0.033866,0.143491
3515,78.136327,63.514678,15.0000,0.033856,0.143560
3516,78.287627,64.249258,15.0000,0.033847,0.143643
3517,78.432009,64.985230,15.0000,0.033840,0.143738
3518,78.569463,65.722526,15.0000,0.033834,0.143843
3519,78.699977,66.461083,15.0000,0.033829,0.143958
3520,78.823542,67.200834,15.0000,0.033825,0.144080
3521,78.940148,67.941714,15.0000,0.033821,0.144209
3522,79.049784,68.683657,15.0000,0.031491,0.144326
3523,79.152443,69.426598,15.0000,0.034360,0.144464
3524,79.248597,70.170409,15.0000,0.034052,0.144120
3525,79.337644,70.915104,15.0000,0.034035,0.143894
3526,79.419641,71.660608,15.0000,0.033999,0.143721
3527,79.494583,72.406855,15.0000,0.033970,0.143597
3528,79.562472,73.153776,15.0000,0.033945,0.143516
3529,79.623307,73.901304,15.0000,0.033923,0.143470
3530,79.677089,74.649374,15.0000,0.033905,0.143455
3531,79.723816,75.397917,15.0000,0.033890,0.143467
3532,79.763488,76.146867,15.0000,0.033876,0.143501
3533,79.796106,76.896157,15.0000,0.033865,0.143554
3534,79.821668,77.645721,15.0000,0.033855,0.143623
3535,79.840176,78.395493,15.0000,0.033847,0.143707
3536,79.851630,79.145405,15.0000,0.033840,0.143803
3537,79.856029,79.895392,15.0000,0.033834,0.143909
3538,79.853376,80.645388,15.0000,0.033829,0.144024
3539,79.843672,81.395325,15.0000,0.033824,0.144147
3540,79.826919,82.145138,15.0000,0.033821,0.144276
3541,79.803119,82.894760,15.0000,0.031491,0.144393
3542,79.772274,83.644126,15.0000,0.034360,0.144530
3543,79.734874,84.393192,15.0000,0.034052,0.144187
3544,79.690323,85.141868,15.0000,0.034035,0.143961
3545,79.638690,85.890089,15.0000,0.033999,0.143788
3546,79.579983,86.637787,15.0000,0.033970,0.143665
3547,79.514215,87.384898,15.0000,0.033945,0.143583
3548,79.441396,88.131355,15.0000,0.033923,0.143538
3549,79.361541,88.877091,15.0000,0.033905,0.143523
3550,79.274659,89.622042,15.0000,0.033890,0.143534
3551,79.180762,90.366141,15.0000,0.033876,0.143568
3552,79.079862,91.109323,15.0000,0.033865,0.143622
3553,78.971970,91.851522,15.0000,0.033855,0.143691
3554,78.857099,92.592673,15.0000,0.033847,0.143775
3555,78.735260,93.332710,15.0000,0.033840,0.143871
3556,78.606467,94.071569,15.0000,0.033834,0.143977
3557,78.470731,94.809184,15.0000,0.033829,0.144092
3558,78.328066,95.545490,15.0000,0.033825,0.144214
3559,78.178486,96.280423,15.0000,0.031494,0.144327
3560,78.022005,97.013917,15.0000,0.034363,0.144460
3561,77.859111,97.746013,15.0000,0.034055,0.144113
3562,77.689234,98.476521,15.0000,0.034037,0.143883
3563,77.512451,99.205389,15.0000,0.034001,0.143707
3564,77.328782,99.932552,15.0000,0.033971,0.143581
3565,77.138252,100.657947,15.0000,0.033946,0.143497
3566,76.940882,101.381511,15.0000,0.033925,0.143450
3567,76.736695,102.103181,15.0000,0.033906,0.143434
3568,76.525715,102.822894,15.0000,0.033890,0.143444
3569,76.307963,103.540588,15.0000,0.033877,0.143477
3570,76.083461,104.256199,15.0000,0.033866,0.143529
3571,75.852233,104.969665,15.0000,0.033856,0.143598
3572,75.614301,105.680923,15.0000,0.033847,0.143681
3573,75.369688,106.389912,15.0000,0.033840,0.143776
3574,75.118418,107.096568,15.0000,0.033834,0.143882
3575,74.860514,107.800830,15.0000,0.033829,0.143996
3576,74.595999,108.502637,15.0000,0.033825,0.144118
3577,74.324899,109.201925,15.0000,0.033821,0.144247
3578,74.047239,109.898635,15.0000,0.031491,0.144364
3579,73.763042,110.592705,15.0000,0.034360,0.144502
3580,73.472784,111.284261,15.0000,0.034052,0.144158
3581,73.175935,111.973014,15.0000,0.034035,0.143932
3582,72.872582,112.658927,15.0000,0.033999,0.143759
3583,72.562756,113.341941,15.0000,0.033970,0.143635
3584,72.246491,114.021997,15.0000,0.033945,0.143554
3585,71.923820,114.699037,15.0000,0.033923,0.143508
3586,71.594778,115.373004,15.0000,0.033905,0.143493
3587,71.259396,116.043839,15.0000,0.033890,0.143505
3588,70.917710,116.711484,15.0000,0.033876,0.143539
3589,70.569751,117.375882,15.0000,0.033865,0.143592
3590,70.215553,118.036975,15.0000,0.033855,0.143661
3591,69.855150,118.694706,15.0000,0.033847,0.143745
3592,69.488575,119.349017,15.0000,0.033840,0.143841
3593,69.115862,119.999851,15.0000,0.033834,0.143947
3594,68.737045,120.647151,15.0000,0.033829,0.144062
3595,68.352159,121.290862,15.0000,0.033825,0.144184
3596,67.961240,121.930925,15.0000,0.031494,0.144297
3597,67.564321,122.567287,15.0000,0.034363,0.144430
3598,67.161849,123.200150,15.0000,0.034055,0.144083
3599,66.753352,123.829141,15.0000,0.034037,0.143853
3600,66.338921,124.454239,15.0000,0.034001,0.143677
3601,65.918596,125.075389,15.0000,0.033971,0.143551
3602,65.492421,125.692539,15.0000,0.033946,0.143468
3603,65.060439,126.305640,15.0000,0.033925,0.143420
3604,64.622694,126.914638,15.0000,0.033906,0.143404
3605,64.179226,127.519482,15.0000,0.033890,0.143414
3606,63.730080,128.120121,15.0000,0.033877,0.143447
3607,63.275297,128.716504,15.0000,0.033866,0.143499
3608,62.814920,129.308579,15.0000,0.033856,0.143568
3609,62.348992,129.896296,15.0000,0.033847,0.143651
3610,61.877555,130.479603,15.0000,0.033840,0.143746
3611,61.400652,131.058450,15.0000,0.033834,0.143852
3612,60.918328,131.632787,15.0000,0.033829,0.143966
3613,60.430625,132.202564,15.0000,0.033825,0.144089
3614,59.937587,132.767731,15.0000,0.033821,0.144217
3615,59.439259,133.328239,15.0000,0.031491,0.144335
3616,58.935685,133.884039,15.0000,0.034360,0.144472
3617,58.427268,134.435411,15.0000,0.034052,0.144129
3618,57.913608,134.981904,15.0000,0.034035,0.143902
3619,57.394801,135.523512,15.0000,0.033999,0.143729
3620,56.870894,136.060188,15.0000,0.033970,0.143606
3621,56.341941,136.591891,15.0000,0.033945,0.143524
3622,55.807991,137.118577,15.0000,0.033923,0.143479
3623,55.269098,137.640204,15.0000,0.033905,0.143464
3624,54.725311,138.156727,15.0000,0.033890,0.143475
3625,54.176682,138.668104,15.0000,0.033876,0.143509
3626,53.623262,139.174291,15.0000,0.033865,0.143562
3627,53.065101,139.675247,15.0000,0.033855,0.143632
3628,52.502251,140.170928,15.0000,0.033847,0.143716
3629,51.934762,140.661291,15.0000,0.033840,0.143811
3630,51.362686,141.146296,15.0000,0.033834,0.143918
3631,50.786075,141.625899,15.0000,0.033829,0.144032
3632,50.204981,142.100061,15.0000,0.033824,0.144155
3633,49.619454,142.568738,15.0000,0.033821,0.144284
3634,49.029548,143.031892,15.0000,0.031491,0.144401
3635,48.435316,143.489481,15.0000,0.034360,0.144539
3636,47.837102,143.941853,15.0000,0.034052,0.144195
3637,47.234597,144.388493,15.0000,0.034035,0.143969
3638,46.627892,144.829411,15.0000,0.033999,0.143796
3639,46.017044,145.264572,15.0000,0.033970,0.143673
3640,45.402112,145.693942,15.0000,0.033945,0.143592
3641,44.783154,146.117488,15.0000,0.033923,0.143546
3642,44.160229,146.535177,15.0000,0.033905,0.143531
3643,43.533394,146.946975,15.0000,0.033890,0.143543
3644,42.902707,147.352850,15.0000,0.033876,0.143577
3645,42.268225,147.752766,15.0000,0.033865,0.143630
3646,41.630008,148.146693,15.0000,0.033855,0.143700
3647,40.988111,148.534596,15.0000,0.033847,0.143783
3648,40.342594,148.916443,15.0000,0.033840,0.143879
3649,39.693513,149.292202,15.0000,0.033834,0.143985
3650,39.040928,149.661841,15.0000,0.033829,0.144100
3651,38.384897,150.025328,15.0000,0.033825,0.144223
3652,37.725478,150.382632,15.0000,0.031494,0.144335
3653,37.062729,150.733722,15.0000,0.034363,0.144468
3654,36.396933,151.078999,15.0000,0.034055,0.144121
3655,35.727871,151.417902,15.0000,0.034037,0.143891
3656,35.055632,151.750459,15.0000,0.034001,0.143715
3657,34.380277,152.076643,15.0000,0.033971,0.143589
3658,33.701870,152.396431,15.0000,0.033946,0.143506
3659,33.020475,152.709801,15.0000,0.033925,0.143458
3660,32.336154,153.016730,15.0000,0.033906,0.143442
3661,31.648971,153.317194,15.0000,0.033890,0.143452
3662,30.958986,153.611170,15.0000,0.033877,0.143485
3663,30.266264,153.898635,15.0000,0.033866,0.143537
3664,29.570867,154.179566,15.0000,0.033856,0.143606
3665,28.872856,154.453940,15.0000,0.033847,0.143689
3666,28.172296,154.721736,15.0000,0.033840,0.143784
3667,27.469247,154.982931,15.0000,0.033834,0.143890
3668,26.763773,155.237503,15.0000,0.033829,0.144004
3669,26.055937,155.485430,15.0000,0.033825,0.144127
3670,25.345802,155.726694,15.0000,0.033821,0.144255
3671,24.633430,155.961271,15.0000,0.031491,0.144373
3672,23.918886,156.189144,15.0000,0.034360,0.144510
3673,23.202374,156.410755,15.0000,0.034052,0.144166
3674,22.483780,156.625514,15.0000,0.034035,0.143940
3675,21.763185,156.833465,15.0000,0.033999,0.143767
3676,21.040656,157.034590,15.0000,0.033970,0.143643
3677,20.316259,157.228881,15.0000,0.033945,0.143562
3678,19.590060,157.416325,15.0000,0.033924,0.143516
3679,18.862125,157.596911,15.0000,0.033905,0.143501
3680,18.132521,157.770626,15.0000,0.033890,0.143513
3681,17.401312,157.937460,15.0000,0.033876,0.143547
3682,16.668564,158.097401,15.0000,0.033865,0.143600
3683,15.934343,158.250436,15.0000,0.033855,0.143670
3684,15.198715,158.396556,15.0000,0.033847,0.143753
3685,14.461745,158.535748,15.0000,0.033840,0.143849
3686,13.723498,158.668003,15.0000,0.033834,0.143955
3687,12.984039,158.793310,15.0000,0.033829,0.144070
3688,12.243436,158.911659,15.0000,0.033825,0.144193
3689,11.501753,159.023041,15.0000,0.031494,0.144306
3690,10.759055,159.127447,15.0000,0.034363,0.144438
3691,10.015473,159.225349,15.0000,0.034055,0.144091
3692,9.270989,159.316146,15.0000,0.034037,0.143861
3693,8.525680,159.399895,15.0000,0.034001,0.143685
3694,7.779611,159.476590,15.0000,0.033971,0.143559
3695,7.032852,159.546232,15.0000,0.033946,0.143476
3696,6.285468,159.608823,15.0000,0.033925,0.143429
3697,5.537527,159.664360,15.0000,0.033906,0.143412
3698,4.789096,159.712844,15.0000,0.033890,0.143422
3699,4.040241,159.754275,15.0000,0.033877,0.143455
3700,3.291029,159.788651,15.0000,0.033866,0.143507
3701,2.541527,159.815973,15.0000,0.033856,0.143576
3702,1.791801,159.836240,15.0000,0.033847,0.143659
3703,1.041917,159.849453,15.0000,0.033840,0.143754
3704,0.291943,159.855613,15.0000,0.033834,0.143860
3705,-0.458057,159.854720,15.0000,0.033829,0.143975
3706,-1.208015,159.846775,15.0000,0.033825,0.144097
3707,-1.957865,159.831781,15.0000,0.033821,0.144225
3708,-2.707541,159.809740,15.0000,0.031491,0.144343
3709,-3.456977,159.780654,15.0000,0.034360,0.144480
3710,-4.206129,159.745011,15.0000,0.034052,0.144137
3711,-4.954907,159.702217,15.0000,0.034035,0.143910
3712,-5.703247,159.652340,15.0000,0.033999,0.143737
3713,-6.451081,159.595387,15.0000,0.033970,0.143614
3714,-7.198344,159.531371,15.0000,0.033945,0.143532
3715,-7.944970,159.460304,15.0000,0.033923,0.143487
3716,-8.690892,159.382198,15.0000,0.033905,0.143472
3717,-9.436044,159.297064,15.0000,0.033890,0.143483
3718,-10.180361,159.204913,15.0000,0.033876,0.143517
3719,-10.923778,159.105757,15.0000,0.033865,0.143570
3720,-11.666228,158.999607,15.0000,0.033855,0.143640
3721,-12.407646,158.886475,15.0000,0.033847,0.143724
3722,-13.147968,158.766373,15.0000,0.033840,0.143819
3723,-13.887126,158.639313,15.0000,0.033834,0.143926
3724,-14.625058,158.505308,15.0000,0.033829,0.144041
3725,-15.361697,158.364371,15.0000,0.033824,0.144163
3726,-16.096978,158.216515,15.0000,0.031494,0.144276
3727,-16.830837,158.061756,15.0000,0.034363,0.144409
3728,-17.563314,157.900580,15.0000,0.034055,0.144062
3729,-18.294218,157.732416,15.0000,0.034037,0.143832
3730,-19.023499,157.557344,15.0000,0.034001,0.143656
3731,-19.751090,157.375382,15.0000,0.033971,0.143530
3732,-20.476931,157.186554,15.0000,0.033946,0.143447
3733,-21.200956,156.990882,15.0000,0.033924,0.143399
3734,-21.923103,156.788389,15.0000,0.033906,0.143383
3735,-22.643309,156.579098,15.0000,0.033890,0.143393
3736,-23.361512,156.363030,15.0000,0.033877,0.143426
3737,-24.077647,156.140208,15.0000,0.033866,0.143478
3738,-24.791654,155.910654,15.0000,0.033856,0.143547
3739,-25.503468,155.674392,15.0000,0.033847,0.143630
3740,-26.213029,155.431443,15.0000,0.033840,0.143725
3741,-26.920273,155.181831,15.0000,0.033834,0.143831
3742,-27.625138,154.925580,15.0000,0.033829,0.143945
3743,-28.327563,154.662712,15.0000,0.033825,0.144067
3744,-29.027486,154.393254,15.0000,0.033821,0.144196
3745,-29.724845,154.117229,15.0000,0.031491,0.144314
3746,-30.419580,153.834661,15.0000,0.034360,0.144451
3747,-31.111815,153.546026,15.0000,0.034052,0.144108
3748,-31.801263,153.250794,15.0000,0.034035,0.143881
3749,-32.487886,152.949052,15.0000,0.033999,0.143708
3750,-33.171624,152.640829,15.0000,0.033970,0.143585
3751,-33.852421,152.326160,15.0000,0.033945,0.143503
3752,-34.530216,152.005078,15.0000,0.033923,0.143458
3753,-35.204953,151.677618,15.0000,0.033905,0.143443
3754,-35.876573,151.343812,15.0000,0.033890,0.143454
3755,-36.545018,151.003692,15.0000,0.033876,0.143488
3756,-37.210230,150.657293,15.0000,0.033865,0.143541
3757,-37.872153,150.304647,15.0000,0.033855,0.143611
3758,-38.530727,149.945788,15.0000,0.033847,0.143695
3759,-39.185896,149.580749,15.0000,0.033840,0.143790
3760,-39.837603,149.209564,15.0000,0.033834,0.143897
3761,-40.485790,148.832267,15.0000,0.033829,0.144012
3762,-41.130402,148.448893,15.0000,0.033824,0.144134
3763,-41.771381,148.059476,15.0000,0.033821,0.144263
3764,-42.408672,147.664052,15.0000,0.031491,0.144380
3765,-43.042218,147.262655,15.0000,0.034360,0.144518
3766,-43.672228,146.855731,15.0000,0.034052,0.144175
3767,-44.298324,146.442809,15.0000,0.034035,0.143949
3768,-44.920484,146.023982,15.0000,0.033999,0.143776
3769,-45.538656,145.599289,15.0000,0.033970,0.143652
3770,-46.152787,145.168775,15.0000,0.033945,0.143571
3771,-46.762828,144.732483,15.0000,0.033923,0.143525
3772,-47.368725,144.290456,15.0000,0.033905,0.143510
3773,-47.970429,143.842737,15.0000,0.033890,0.143522
3774,-48.567889,143.389369,15.0000,0.033876,0.143556
3775,-49.161052,142.930394,15.0000,0.033865,0.143609
3776,-49.749868,142.465857,15.0000,0.033855,0.143679
3777,-50.334287,141.995798,15.0000,0.033847,0.143763
3778,-50.914257,141.520263,15.0000,0.033840,0.143858
3779,-51.489730,141.039293,15.0000,0.033834,0.143965
3780,-52.060654,140.552934,15.0000,0.033829,0.144080
3781,-52.626980,140.061228,15.0000,0.033825,0.144202
3782,-53.188659,139.564220,15.0000,0.031494,0.144315
3783,-53.745642,139.061955,15.0000,0.034363,0.144448
3784,-54.298208,138.554835,15.0000,0.034055,0.144100
3785,-54.845906,138.042462,15.0000,0.034037,0.143871
3786,-55.388732,137.524928,15.0000,0.034001,0.143695
3787,-55.926638,137.002284,15.0000,0.033971,0.143569
3788,-56.459581,136.474581,15.0000,0.033946,0.143485
3789,-56.987520,135.941870,15.0000,0.033925,0.143438
3790,-57.510410,135.404203,15.0000,0.033906,0.143422
3791,-58.028209,134.861630,15.0000,0.033890,0.143432
3792,-58.540872,134.314203,15.0000,0.033877,0.143465
3793,-59.048357,133.761973,15.0000,0.033866,0.143517
3794,-59.550621,133.204989,15.0000,0.033856,0.143586
3795,-60.047622,132.643304,15.0000,0.033847,0.143669
3796,-60.539316,132.076967,15.0000,0.033840,0.143764
3797,-61.025662,131.506031,15.0000,0.033834,0.143869
3798,-61.506617,130.930547,15.0000,0.033829,0.143984
3799,-61.982141,130.350567,15.0000,0.033825,0.144106
3800,-62.452191,129.766142,15.0000,0.033821,0.144235
3801,-62.916728,129.177325,15.0000,0.031491,0.144352
3802,-63.375710,128.584168,15.0000,0.034360,0.144490
3803,-63.829484,127.987017,15.0000,0.034052,0.144146
3804,-64.277536,127.385561,15.0000,0.034035,0.143920
3805,-64.719877,126.779892,15.0000,0.033999,0.143747
3806,-65.156469,126.170067,15.0000,0.033970,0.143623
3807,-65.587281,125.556144,15.0000,0.033945,0.143542
3808,-66.012278,124.938182,15.0000,0.033923,0.143496
3809,-66.431428,124.316238,15.0000,0.033905,0.143481
3810,-66.844696,123.690371,15.0000,0.033890,0.143493
3811,-67.252048,123.060638,15.0000,0.033876,0.143526
3812,-67.653453,122.427097,15.0000,0.033865,0.143580
3813,-68.048876,121.789805,15.0000,0.033855,0.143649
3814,-68.438284,121.148820,15.0000,0.033847,0.143733
3815,-68.821645,120.504201,15.0000,0.033840,0.143829
3816,-69.198925,119.856004,15.0000,0.033834,0.143935
3817,-69.570094,119.204288,15.0000,0.033829,0.144050
3818,-69.935119,118.549111,15.0000,0.033824,0.144172
3819,-70.293969,117.890532,15.0000,0.031494,0.144285
3820,-70.646613,117.228609,15.0000,0.034363,0.144418
3821,-70.993452,116.563625,15.0000,0.034055,0.144071
3822,-71.333924,115.895359,15.0000,0.034037,0.143841
3823,-71.668057,115.223902,15.0000,0.034001,0.143665
3824,-71.995824,114.549314,15.0000,0.033971,0.143539
3825,-72.317204,113.871660,15.0000,0.033946,0.143456
3826,-72.632171,113.191002,15.0000,0.033925,0.143408
3827,-72.940705,112.507403,15.0000,0.033906,0.143392
3828,-73.242780,111.820926,15.0000,0.033890,0.143402
3829,-73.538374,111.131634,15.0000,0.033877,0.143435
3830,-73.827463,110.439588,15.0000,0.033866,0.143487
3831,-74.110025,109.744852,15.0000,0.033856,0.143556
3832,-74.386037,109.047487,15.0000,0.033847,0.143639
3833,-74.655476,108.347556,15.0000,0.033840,0.143734
3834,-74.918319,107.645123,15.0000,0.033834,0.143840
3835,-75.174546,106.940248,15.0000,0.033829,0.143954
3836,-75.424134,106.232996,15.0000,0.033825,0.144077
3837,-75.667062,105.523429,15.0000,0.033821,0.144205
3838,-75.903311,104.811609,15.0000,0.031491,0.144323
3839,-76.132859,104.097601,15.0000,0.034360,0.144460
3840,-76.356151,103.381612,15.0000,0.034052,0.144117
3841,-76.572596,102.663523,15.0000,0.034035,0.143891
3842,-76.782236,101.943418,15.0000,0.033999,0.143717
3843,-76.985057,101.221363,15.0000,0.033970,0.143594
3844,-77.181046,100.497424,15.0000,0.033945,0.143512
3845,-77.370194,99.771667,15.0000,0.033923,0.143467
3846,-77.552487,99.044158,15.0000,0.033905,0.143452
3847,-77.727914,98.314963,15.0000,0.033890,0.143463
3848,-77.896463,97.584147,15.0000,0.033876,0.143497
3849,-78.058122,96.851777,15.0000,0.033865,0.143550
3850,-78.212880,96.117917,15.0000,0.033855,0.143620
3851,-78.360726,95.382634,15.0000,0.033847,0.143704
3852,-78.501647,94.645992,15.0000,0.033840,0.143800
3853,-78.635634,93.908057,15.0000,0.033834,0.143906
3854,-78.762675,93.168895,15.0000,0.033829,0.144021
3855,-78.882762,92.428572,15.0000,0.033824,0.144143
3856,-78.995884,91.687152,15.0000,0.033821,0.144272
3857,-79.102032,90.944701,15.0000,0.031491,0.144389
3858,-79.201198,90.201286,15.0000,0.034360,0.144527
3859,-79.293855,89.457032,15.0000,0.034052,0.144184
3860,-79.379401,88.711927,15.0000,0.034035,0.143958
3861,-79.457893,87.966045,15.0000,0.033999,0.143785
3862,-79.529328,87.219455,15.0000,0.033970,0.143661
3863,-79.593705,86.472223,15.0000,0.033945,0.143580
3864,-79.651026,85.724417,15.0000,0.033923,0.143534
3865,-79.701291,84.976103,15.0000,0.033905,0.143520
3866,-79.744500,84.227349,15.0000,0.033890,0.143531
3867,-79.780652,83.478220,15.0000,0.033876,0.143565
3868,-79.809748,82.728785,15.0000,0.033865,0.143618
3869,-79.831787,81.979109,15.0000,0.033855,0.143688
3870,-79.846771,81.229259,15.0000,0.033847,0.143772
3871,-79.854700,80.479301,15.0000,0.033840,0.143867
3872,-79.855575,79.729301,15.0000,0.033834,0.143974
3873,-79.849397,78.979326,15.0000,0.033829,0.144089
3874,-79.836169,78.229443,15.0000,0.033825,0.144211
3875,-79.815892,77.479717,15.0000,0.031494,0.144324
3876,-79.788569,76.730215,15.0000,0.034363,0.144457
3877,-79.754687,75.980981,15.0000,0.034055,0.144109
3878,-79.713654,75.232104,15.0000,0.034037,0.143880
3879,-79.665535,74.483649,15.0000,0.034001,0.143704
3880,-79.610339,73.735683,15.0000,0.033971,0.143578
3881,-79.548079,72.988272,15.0000,0.033946,0.143494
3882,-79.478766,72.241482,15.0000,0.033925,0.143447
3883,-79.402412,71.495378,15.0000,0.033906,0.143431
3884,-79.319027,70.750028,15.0000,0.033890,0.143441
3885,-79.228624,70.005497,15.0000,0.033877,0.143474
3886,-79.131213,69.261849,15.0000,0.033866,0.143526
3887,-79.026806,68.519152,15.0000,0.033856,0.143595
3888,-78.915415,67.777470,15.0000,0.033847,0.143678
3889,-78.797050,67.036869,15.0000,0.033840,0.143773
3890,-78.671725,66.297414,15.0000,0.033834,0.143878
3891,-78.539453,65.559170,15.0000,0.033829,0.143993
3892,-78.400245,64.822203,15.0000,0.033825,0.144115
3893,-78.254115,64.086577,15.0000,0.033821,0.144244
3894,-78.101078,63.352356,15.0000,0.031491,0.144361
3895,-77.941147,62.619606,15.0000,0.034360,0.144498
3896,-77.774811,61.888284,15.0000,0.034052,0.144155
3897,-77.601499,61.158584,15.0000,0.034035,0.143929
3898,-77.421290,60.430556,15.0000,0.033999,0.143755
3899,-77.234204,59.704265,15.0000,0.033970,0.143632
3900,-77.040264,58.979773,15.0000,0.033945,0.143550
3901,-76.839494,58.257145,15.0000,0.033923,0.143505
3902,-76.631917,57.536443,15.0000,0.033905,0.143490
3903,-76.417555,56.817730,15.0000,0.033890,0.143501
3904,-76.196432,56.101068,15.0000,0.033876,0.143535
3905,-75.968569,55.386520,15.0000,0.033865,0.143589
3906,-75.733989,54.674149,15.0000,0.033855,0.143658
3907,-75.492717,53.964017,15.0000,0.033847,0.143742
3908,-75.244774,53.256186,15.0000,0.033840,0.143838
3909,-74.990185,52.550718,15.0000,0.033834,0.143944
3910,-74.728973,51.847676,15.0000,0.033829,0.144059
3911,-74.461163,51.147121,15.0000,0.033825,0.144181
3912,-74.186779,50.449114,15.0000,0.031494,0.144294
3913,-73.905847,49.753717,15.0000,0.034363,0.144427
3914,-73.618840,49.060805,15.0000,0.034055,0.144080
3915,-73.325230,48.370665,15.0000,0.034037,0.143850
3916,-73.025101,47.683335,15.0000,0.034001,0.143674
3917,-72.718486,46.998874,15.0000,0.033971,0.143548
3918,-72.405417,46.317341,15.0000,0.033946,0.143465
3919,-72.085928,45.638793,15.0000,0.033925,0.143417
3920,-71.760053,44.963289,15.0000,0.033906,0.143401
3921,-71.427824,44.290887,15.0000,0.033890,0.143411
3922,-71.089275,43.621646,15.0000,0.033877,0.143444
3923,-70.744438,42.955622,15.0000,0.033866,0.143496
3924,-70.393347,42.292874,15.0000,0.033856,0.143565
3925,-70.036035,41.633459,15.0000,0.033847,0.143648
3926,-69.672534,40.977435,15.0000,0.033840,0.143743
3927,-69.302880,40.324859,15.0000,0.033834,0.143849
3928,-68.927105,39.675788,15.0000,0.033829,0.143963
3929,-68.545244,39.030278,15.0000,0.033825,0.144085
3930,-68.157333,38.388387,15.0000,0.033821,0.144214
3931,-67.763405,37.750170,15.0000,0.031491,0.144332
3932,-67.363496,37.115684,15.0000,0.034360,0.144469
3933,-66.958051,36.484721,15.0000,0.034052,0.144125
3934,-66.546600,35.857658,15.0000,0.034035,0.143899
3935,-66.129233,35.234516,15.0000,0.033999,0.143726
3936,-65.705992,34.615350,15.0000,0.033970,0.143602
3937,-65.276920,34.000210,15.0000,0.033945,0.143521
3938,-64.842060,33.389148,15.0000,0.033923,0.143475
3939,-64.401456,32.782215,15.0000,0.033905,0.143461
3940,-63.955150,32.179462,15.0000,0.033890,0.143472
3941,-63.503185,31.580941,15.0000,0.033876,0.143506
3942,-63.045604,30.986702,15.0000,0.033865,0.143559
3943,-62.582449,30.396798,15.0000,0.033855,0.143629
3944,-62.113763,29.811278,15.0000,0.033847,0.143712
3945,-61.639589,29.230193,15.0000,0.033840,0.143808
3946,-61.159971,28.653594,15.0000,0.033834,0.143914
3947,-60.674953,28.081530,15.0000,0.033829,0.144029
3948,-60.184577,27.514052,15.0000,0.033824,0.144152
3949,-59.688889,26.951208,15.0000,0.033821,0.144281
3950,-59.187932,26.393048,15.0000,0.031491,0.144398
3951,-58.681751,25.839621,15.0000,0.034360,0.144536
3952,-58.170748,25.290645,15.0000,0.034052,0.144192
3953,-57.654526,24.746572,15.0000,0.034035,0.143966
3954,-57.133179,24.207409,15.0000,0.033999,0.143793
3955,-56.606755,23.673201,15.0000,0.033970,0.143670
3956,-56.075309,23.143989,15.0000,0.033945,0.143588
3957,-55.538890,22.619818,15.0000,0.033923,0.143543
3958,-54.997551,22.100731,15.0000,0.033905,0.143528
3959,-54.451343,21.586769,15.0000,0.033890,0.143540
3960,-53.900317,21.077976,15.0000,0.033876,0.143574
3961,-53.344524,20.574395,15.0000,0.033865,0.143627
3962,-52.784015,20.076068,15.0000,0.033855,0.143696
3963,-52.218841,19.583038,15.0000,0.033847,0.143780
3964,-51.649054,19.095347,15.0000,0.033840,0.143876
3965,-51.074705,18.613036,15.0000,0.033834,0.143982
3966,-50.495846,18.136148,15.0000,0.033829,0.144097
3967,-49.912530,17.664723,15.0000,0.033825,0.144220
3968,-49.324807,17.198802,15.0000,0.031494,0.144332
3969,-48.732731,16.738426,15.0000,0.034363,0.144465
3970,-48.136649,16.283249,15.0000,0.034055,0.144118
3971,-47.536248,15.833785,15.0000,0.034037,0.143888
3972,-46.931620,15.390022,15.0000,0.034001,0.143712
3973,-46.322822,14.951998,15.0000,0.033971,0.143586
3974,-45.709913,14.519746,15.0000,0.033946,0.143503
3975,-45.092950,14.093298,15.0000,0.033925,0.143455
3976,-44.471993,13.672690,15.0000,0.033906,0.143439
3977,-43.847097,13.257954,15.0000,0.033890,0.143449
3978,-43.218322,12.849123,15.0000,0.033877,0.143482
3979,-42.585725,12.446233,15.0000,0.033866,0.143534
3980,-41.949363,12.049315,15.0000,0.033856,0.143603
3981,-41.309294,11.658404,15.0000,0.033847,0.143686
3982,-40.665576,11.273532,15.0000,0.033840,0.143781
3983,-40.018266,10.894731,15.0000,0.033834,0.143887
3984,-39.367423,10.522033,15.0000,0.033829,0.144001
3985,-38.713105,10.155472,15.0000,0.033825,0.144123
3986,-38.055369,9.795077,15.0000,0.033821,0.144252
3987,-37.394276,9.440881,15.0000,0.031491,0.144369
3988,-36.729882,9.092913,15.0000,0.034360,0.144507
3989,-36.062470,8.750773,15.0000,0.034052,0.144163
3990,-35.391820,8.415020,15.0000,0.034035,0.143937
3991,-34.718024,8.085629,15.0000,0.033999,0.143764
3992,-34.041143,7.762625,15.0000,0.033970,0.143640
3993,-33.361240,7.446030,15.0000,0.033945,0.143559
3994,-32.678379,7.135867,15.0000,0.033924,0.143513
3995,-31.992623,6.832160,15.0000,0.033905,0.143498
3996,-31.304034,6.534930,15.0000,0.033890,0.143510
3997,-30.612676,6.244201,15.0000,0.033876,0.143544
3998,-29.918610,5.959995,15.0000,0.033865,0.143597
3999,-29.221900,5.682336,15.0000,0.033855,0.143667
